case,row,kind,victim_group,victim_ch,r_src,word_a,word_b,d_ns,n,mean,min,max,delta
0,1,0,0,8,5150,40,40,0,64,32488,31650,32533,
0,1,0,0,8,5150,40,40,200,64,32501,32473,32523,
0,1,0,0,8,5150,40,40,400,64,32501,32472,32528,
0,1,0,0,8,5150,40,40,600,64,32502,32479,32527,
0,1,0,0,8,5150,40,40,800,64,32501,32473,32525,
0,1,0,0,8,5150,40,40,1000,64,32502,32471,32528,
0,1,0,0,8,5150,40,40,1200,64,32502,32474,32524,
0,1,0,0,8,5150,40,40,1400,64,32501,32467,32534,
0,1,0,0,8,5150,40,40,1600,64,32500,32464,32519,
0,1,0,0,8,5150,40,40,1800,64,32502,32463,32529,
0,1,0,0,8,5150,40,40,2000,64,32501,32471,32532,
0,1,0,0,8,5150,40,40,2200,64,32500,32468,32529,
0,1,0,0,8,5150,40,40,2400,64,32502,32471,32536,
0,1,0,0,8,5150,40,40,2600,64,32502,32468,32529,
0,1,0,0,8,5150,40,40,2800,64,32503,32473,32526,
0,1,0,0,8,5150,40,40,3000,64,32502,32480,32522,
0,1,0,0,8,5150,40,40,3200,64,32501,32469,32520,
0,1,0,0,8,5150,40,40,3400,64,32501,32471,32527,
0,1,0,0,8,5150,40,40,3600,64,32502,32470,32530,
0,1,0,0,8,5150,40,40,3800,64,32502,32475,32524,
0,1,0,0,8,5150,40,40,4000,64,32502,32469,32523,
0,1,0,0,8,5150,40,40,4200,64,32502,32473,32532,
0,1,0,0,8,5150,40,40,4400,64,32500,32477,32528,
0,1,0,0,8,5150,40,40,4600,64,32503,32468,32521,
0,1,0,0,8,5150,40,40,4800,64,32501,32469,32524,
0,1,0,0,8,5150,40,40,5000,64,32500,32470,32521,
0,1,0,0,8,5150,40,40,5200,64,32502,32479,32523,
0,1,0,0,8,5150,40,40,5400,64,32502,32481,32525,
0,1,0,0,8,5150,40,40,5600,64,32501,32476,32525,
0,1,0,0,8,5150,40,40,5800,64,32501,32468,32522,
0,1,0,0,8,5150,40,40,6000,64,32501,32475,32530,
0,1,0,0,8,5150,40,40,6200,64,32499,32471,32524,
0,1,0,0,8,5150,40,40,6400,64,32500,32473,32532,
0,1,0,0,8,5150,40,40,6600,64,32500,32473,32526,
0,1,0,0,8,5150,40,40,6800,64,32503,32473,32532,
0,1,0,0,8,5150,40,40,7000,64,32498,32463,32518,
0,1,0,0,8,5150,40,40,7200,64,32499,32464,32534,
0,1,0,0,8,5150,40,40,7400,64,32502,32468,32538,
0,1,0,0,8,5150,40,40,7600,64,32502,32471,32524,
0,1,0,0,8,5150,40,40,7800,64,32500,32450,32528,
0,1,0,0,8,5150,40,40,8000,64,32500,32475,32523,
0,1,0,0,8,5150,40,40,8200,64,32499,32437,32520,
0,1,0,0,8,5150,40,40,8400,64,32500,32472,32528,
0,1,0,0,8,5150,40,40,8600,64,32500,32467,32521,
0,1,0,0,8,5150,40,40,8800,64,32501,32470,32521,
0,1,0,0,8,5150,40,40,9000,64,32498,32469,32519,
0,1,0,0,8,5150,40,40,9200,64,32498,32468,32516,
0,1,0,0,8,5150,40,40,9400,64,32497,32472,32519,
0,1,0,0,8,5150,40,40,9600,64,32498,32369,32520,
0,1,0,0,8,5150,40,40,9800,64,32500,32479,32524,
0,1,0,0,8,5150,40,40,10000,64,32501,32470,32522,
0,1,0,0,8,5150,40,40,10200,64,32497,32471,32522,
0,1,0,0,8,5150,40,40,10400,64,32501,32477,32532,
0,1,0,0,8,5150,40,40,10600,64,32499,32460,32523,
0,1,0,0,8,5150,40,40,10800,64,32498,32469,32520,
0,1,0,0,8,5150,40,40,11000,64,32500,32472,32520,
0,1,0,0,8,5150,40,40,11200,64,32497,32466,32517,
0,1,0,0,8,5150,40,40,11400,64,32502,32476,32523,
0,1,0,0,8,5150,40,40,11600,64,32501,32477,32520,
0,1,0,0,8,5150,40,40,11800,64,32499,32467,32518,
0,1,0,0,8,5150,40,40,12000,64,32499,32464,32523,
0,1,0,0,8,5150,40,40,12200,64,32496,32358,32515,
0,1,0,0,8,5150,40,40,12400,64,32499,32472,32530,
0,1,0,0,8,5150,40,40,12600,64,32500,32471,32521,
0,1,0,0,8,5150,40,40,12800,64,32500,32474,32521,
1,1,0,1,6,5150,22,22,0,64,32574,31926,32601,
1,1,0,1,6,5150,22,22,200,64,32585,32569,32608,
1,1,0,1,6,5150,22,22,400,64,32584,32568,32602,
1,1,0,1,6,5150,22,22,600,64,32588,32573,32601,
1,1,0,1,6,5150,22,22,800,64,32587,32567,32604,
1,1,0,1,6,5150,22,22,1000,64,32587,32571,32603,
1,1,0,1,6,5150,22,22,1200,64,32584,32571,32602,
1,1,0,1,6,5150,22,22,1400,64,32586,32558,32607,
1,1,0,1,6,5150,22,22,1600,64,32585,32570,32597,
1,1,0,1,6,5150,22,22,1800,64,32585,32567,32610,
1,1,0,1,6,5150,22,22,2000,64,32587,32570,32606,
1,1,0,1,6,5150,22,22,2200,64,32586,32566,32603,
1,1,0,1,6,5150,22,22,2400,64,32586,32571,32609,
1,1,0,1,6,5150,22,22,2600,64,32588,32574,32604,
1,1,0,1,6,5150,22,22,2800,64,32586,32566,32602,
1,1,0,1,6,5150,22,22,3000,64,32585,32567,32602,
1,1,0,1,6,5150,22,22,3200,64,32585,32568,32602,
1,1,0,1,6,5150,22,22,3400,64,32585,32566,32604,
1,1,0,1,6,5150,22,22,3600,64,32586,32570,32608,
1,1,0,1,6,5150,22,22,3800,64,32585,32569,32602,
1,1,0,1,6,5150,22,22,4000,64,32586,32572,32603,
1,1,0,1,6,5150,22,22,4200,64,32585,32565,32604,
1,1,0,1,6,5150,22,22,4400,64,32585,32570,32600,
1,1,0,1,6,5150,22,22,4600,64,32588,32573,32602,
1,1,0,1,6,5150,22,22,4800,64,32585,32570,32604,
1,1,0,1,6,5150,22,22,5000,64,32584,32569,32597,
1,1,0,1,6,5150,22,22,5200,64,32584,32569,32608,
1,1,0,1,6,5150,22,22,5400,64,32586,32566,32604,
1,1,0,1,6,5150,22,22,5600,64,32583,32564,32606,
1,1,0,1,6,5150,22,22,5800,64,32585,32571,32602,
1,1,0,1,6,5150,22,22,6000,64,32583,32568,32598,
1,1,0,1,6,5150,22,22,6200,64,32582,32561,32598,
1,1,0,1,6,5150,22,22,6400,64,32585,32566,32599,
1,1,0,1,6,5150,22,22,6600,64,32583,32563,32599,
1,1,0,1,6,5150,22,22,6800,64,32584,32567,32601,
1,1,0,1,6,5150,22,22,7000,64,32583,32567,32604,
1,1,0,1,6,5150,22,22,7200,64,32585,32567,32600,
1,1,0,1,6,5150,22,22,7400,64,32586,32566,32602,
1,1,0,1,6,5150,22,22,7600,64,32584,32570,32602,
1,1,0,1,6,5150,22,22,7800,64,32583,32533,32606,
1,1,0,1,6,5150,22,22,8000,64,32584,32567,32608,
1,1,0,1,6,5150,22,22,8200,64,32584,32568,32599,
1,1,0,1,6,5150,22,22,8400,64,32584,32568,32598,
1,1,0,1,6,5150,22,22,8600,64,32583,32562,32600,
1,1,0,1,6,5150,22,22,8800,64,32583,32566,32598,
1,1,0,1,6,5150,22,22,9000,64,32582,32564,32599,
1,1,0,1,6,5150,22,22,9200,64,32584,32561,32600,
1,1,0,1,6,5150,22,22,9400,64,32582,32566,32599,
1,1,0,1,6,5150,22,22,9600,64,32582,32563,32597,
1,1,0,1,6,5150,22,22,9800,64,32583,32565,32596,
1,1,0,1,6,5150,22,22,10000,64,32583,32567,32599,
1,1,0,1,6,5150,22,22,10200,64,32583,32565,32598,
1,1,0,1,6,5150,22,22,10400,64,32582,32562,32600,
1,1,0,1,6,5150,22,22,10600,64,32584,32566,32602,
1,1,0,1,6,5150,22,22,10800,64,32581,32567,32600,
1,1,0,1,6,5150,22,22,11000,64,32582,32562,32600,
1,1,0,1,6,5150,22,22,11200,64,32581,32564,32599,
1,1,0,1,6,5150,22,22,11400,64,32583,32569,32603,
1,1,0,1,6,5150,22,22,11600,64,32582,32566,32599,
1,1,0,1,6,5150,22,22,11800,64,32582,32558,32596,
1,1,0,1,6,5150,22,22,12000,64,32581,32549,32602,
1,1,0,1,6,5150,22,22,12200,64,32582,32569,32599,
1,1,0,1,6,5150,22,22,12400,64,32582,32564,32601,
1,1,0,1,6,5150,22,22,12600,64,32581,32565,32601,
1,1,0,1,6,5150,22,22,12800,64,32582,32565,32597,
2,1,0,0,9,650,41,41,0,64,32757,32704,32779,
2,1,0,0,9,650,41,41,200,64,32757,32740,32776,
2,1,0,0,9,650,41,41,400,64,32758,32733,32777,
2,1,0,0,9,650,41,41,600,64,32758,32738,32784,
2,1,0,0,9,650,41,41,800,64,32755,32741,32770,
2,1,0,0,9,650,41,41,1000,64,32757,32735,32776,
2,1,0,0,9,650,41,41,1200,64,32755,32737,32777,
2,1,0,0,9,650,41,41,1400,64,32759,32739,32786,
2,1,0,0,9,650,41,41,1600,64,32757,32735,32778,
2,1,0,0,9,650,41,41,1800,64,32759,32746,32784,
2,1,0,0,9,650,41,41,2000,64,32757,32738,32780,
2,1,0,0,9,650,41,41,2200,64,32758,32738,32778,
2,1,0,0,9,650,41,41,2400,64,32757,32725,32776,
2,1,0,0,9,650,41,41,2600,64,32758,32741,32776,
2,1,0,0,9,650,41,41,2800,64,32757,32733,32774,
2,1,0,0,9,650,41,41,3000,64,32758,32733,32780,
2,1,0,0,9,650,41,41,3200,64,32754,32579,32782,
2,1,0,0,9,650,41,41,3400,64,32755,32739,32776,
2,1,0,0,9,650,41,41,3600,64,32757,32738,32780,
2,1,0,0,9,650,41,41,3800,64,32759,32736,32778,
2,1,0,0,9,650,41,41,4000,64,32757,32741,32778,
2,1,0,0,9,650,41,41,4200,64,32757,32740,32776,
2,1,0,0,9,650,41,41,4400,64,32758,32735,32777,
2,1,0,0,9,650,41,41,4600,64,32758,32744,32784,
2,1,0,0,9,650,41,41,4800,64,32757,32737,32781,
2,1,0,0,9,650,41,41,5000,64,32757,32739,32772,
2,1,0,0,9,650,41,41,5200,64,32759,32744,32781,
2,1,0,0,9,650,41,41,5400,64,32759,32740,32781,
2,1,0,0,9,650,41,41,5600,64,32757,32741,32781,
2,1,0,0,9,650,41,41,5800,64,32757,32733,32776,
2,1,0,0,9,650,41,41,6000,64,32757,32735,32777,
2,1,0,0,9,650,41,41,6200,64,32757,32735,32776,
2,1,0,0,9,650,41,41,6400,64,32757,32744,32774,
2,1,0,0,9,650,41,41,6600,64,32757,32735,32775,
2,1,0,0,9,650,41,41,6800,64,32758,32741,32779,
2,1,0,0,9,650,41,41,7000,64,32757,32732,32777,
2,1,0,0,9,650,41,41,7200,64,32755,32738,32790,
2,1,0,0,9,650,41,41,7400,64,32757,32734,32778,
2,1,0,0,9,650,41,41,7600,64,32756,32734,32778,
2,1,0,0,9,650,41,41,7800,64,32756,32729,32777,
2,1,0,0,9,650,41,41,8000,64,32757,32739,32779,
2,1,0,0,9,650,41,41,8200,64,32757,32734,32779,
2,1,0,0,9,650,41,41,8400,64,32756,32742,32773,
2,1,0,0,9,650,41,41,8600,64,32758,32737,32773,
2,1,0,0,9,650,41,41,8800,64,32755,32740,32778,
2,1,0,0,9,650,41,41,9000,64,32755,32740,32776,
2,1,0,0,9,650,41,41,9200,64,32754,32735,32772,
2,1,0,0,9,650,41,41,9400,64,32756,32740,32776,
2,1,0,0,9,650,41,41,9600,64,32757,32740,32773,
2,1,0,0,9,650,41,41,9800,64,32754,32734,32776,
2,1,0,0,9,650,41,41,10000,64,32757,32735,32774,
2,1,0,0,9,650,41,41,10200,64,32757,32737,32777,
2,1,0,0,9,650,41,41,10400,64,32756,32732,32776,
2,1,0,0,9,650,41,41,10600,64,32758,32737,32779,
2,1,0,0,9,650,41,41,10800,64,32757,32737,32772,
2,1,0,0,9,650,41,41,11000,64,32757,32731,32777,
2,1,0,0,9,650,41,41,11200,64,32757,32742,32776,
2,1,0,0,9,650,41,41,11400,64,32756,32738,32777,
2,1,0,0,9,650,41,41,11600,64,32758,32745,32780,
2,1,0,0,9,650,41,41,11800,64,32757,32741,32777,
2,1,0,0,9,650,41,41,12000,64,32758,32735,32780,
2,1,0,0,9,650,41,41,12200,64,32759,32740,32776,
2,1,0,0,9,650,41,41,12400,64,32758,32732,32778,
2,1,0,0,9,650,41,41,12600,64,32757,32733,32774,
2,1,0,0,9,650,41,41,12800,64,32757,32739,32774,
3,1,0,0,10,150,42,42,0,64,0,0,8,
3,1,0,0,10,150,42,42,200,64,0,0,16,
3,1,0,0,10,150,42,42,400,64,0,0,7,
3,1,0,0,10,150,42,42,600,64,0,0,10,
3,1,0,0,10,150,42,42,800,64,0,0,9,
3,1,0,0,10,150,42,42,1000,64,0,0,10,
3,1,0,0,10,150,42,42,1200,64,0,0,8,
3,1,0,0,10,150,42,42,1400,64,0,0,3,
3,1,0,0,10,150,42,42,1600,64,0,0,9,
3,1,0,0,10,150,42,42,1800,64,0,0,5,
3,1,0,0,10,150,42,42,2000,64,0,0,12,
3,1,0,0,10,150,42,42,2200,64,0,0,8,
3,1,0,0,10,150,42,42,2400,64,0,0,5,
3,1,0,0,10,150,42,42,2600,64,0,0,8,
3,1,0,0,10,150,42,42,2800,64,0,0,8,
3,1,0,0,10,150,42,42,3000,64,0,0,9,
3,1,0,0,10,150,42,42,3200,64,0,0,10,
3,1,0,0,10,150,42,42,3400,64,0,0,6,
3,1,0,0,10,150,42,42,3600,64,0,0,12,
3,1,0,0,10,150,42,42,3800,64,0,0,4,
3,1,0,0,10,150,42,42,4000,64,0,0,8,
3,1,0,0,10,150,42,42,4200,64,0,0,8,
3,1,0,0,10,150,42,42,4400,64,0,0,4,
3,1,0,0,10,150,42,42,4600,64,0,0,5,
3,1,0,0,10,150,42,42,4800,64,0,0,8,
3,1,0,0,10,150,42,42,5000,64,0,0,7,
3,1,0,0,10,150,42,42,5200,64,0,0,9,
3,1,0,0,10,150,42,42,5400,64,1,0,59,
3,1,0,0,10,150,42,42,5600,64,0,0,12,
3,1,0,0,10,150,42,42,5800,64,0,0,9,
3,1,0,0,10,150,42,42,6000,64,0,0,10,
3,1,0,0,10,150,42,42,6200,64,0,0,4,
3,1,0,0,10,150,42,42,6400,64,0,0,9,
3,1,0,0,10,150,42,42,6600,64,0,0,4,
3,1,0,0,10,150,42,42,6800,64,0,0,15,
3,1,0,0,10,150,42,42,7000,64,0,0,5,
3,1,0,0,10,150,42,42,7200,64,0,0,8,
3,1,0,0,10,150,42,42,7400,64,0,0,6,
3,1,0,0,10,150,42,42,7600,64,0,0,3,
3,1,0,0,10,150,42,42,7800,64,0,0,6,
3,1,0,0,10,150,42,42,8000,64,0,0,8,
3,1,0,0,10,150,42,42,8200,64,0,0,5,
3,1,0,0,10,150,42,42,8400,64,0,0,4,
3,1,0,0,10,150,42,42,8600,64,0,0,4,
3,1,0,0,10,150,42,42,8800,64,0,0,9,
3,1,0,0,10,150,42,42,9000,64,0,0,4,
3,1,0,0,10,150,42,42,9200,64,0,0,8,
3,1,0,0,10,150,42,42,9400,64,0,0,4,
3,1,0,0,10,150,42,42,9600,64,0,0,11,
3,1,0,0,10,150,42,42,9800,64,0,0,8,
3,1,0,0,10,150,42,42,10000,64,0,0,4,
3,1,0,0,10,150,42,42,10200,64,0,0,9,
3,1,0,0,10,150,42,42,10400,64,0,0,9,
3,1,0,0,10,150,42,42,10600,64,0,0,4,
3,1,0,0,10,150,42,42,10800,64,0,0,5,
3,1,0,0,10,150,42,42,11000,64,0,0,6,
3,1,0,0,10,150,42,42,11200,64,0,0,10,
3,1,0,0,10,150,42,42,11400,64,0,0,9,
3,1,0,0,10,150,42,42,11600,64,0,0,10,
3,1,0,0,10,150,42,42,11800,64,0,0,10,
3,1,0,0,10,150,42,42,12000,64,0,0,12,
3,1,0,0,10,150,42,42,12200,64,0,0,6,
3,1,0,0,10,150,42,42,12400,64,0,0,10,
3,1,0,0,10,150,42,42,12600,64,0,0,6,
3,1,0,0,10,150,42,42,12800,64,0,0,6,
4,1,0,1,3,150,19,19,0,64,0,0,1,
4,1,0,1,3,150,19,19,200,64,0,0,0,
4,1,0,1,3,150,19,19,400,64,0,0,0,
4,1,0,1,3,150,19,19,600,64,0,0,0,
4,1,0,1,3,150,19,19,800,64,0,0,0,
4,1,0,1,3,150,19,19,1000,64,0,0,1,
4,1,0,1,3,150,19,19,1200,64,0,0,0,
4,1,0,1,3,150,19,19,1400,64,0,0,4,
4,1,0,1,3,150,19,19,1600,64,0,0,0,
4,1,0,1,3,150,19,19,1800,64,0,0,0,
4,1,0,1,3,150,19,19,2000,64,0,0,4,
4,1,0,1,3,150,19,19,2200,64,0,0,4,
4,1,0,1,3,150,19,19,2400,64,0,0,1,
4,1,0,1,3,150,19,19,2600,64,0,0,0,
4,1,0,1,3,150,19,19,2800,64,0,0,4,
4,1,0,1,3,150,19,19,3000,64,0,0,4,
4,1,0,1,3,150,19,19,3200,64,0,0,4,
4,1,0,1,3,150,19,19,3400,64,0,0,4,
4,1,0,1,3,150,19,19,3600,64,0,0,2,
4,1,0,1,3,150,19,19,3800,64,0,0,0,
4,1,0,1,3,150,19,19,4000,64,0,0,2,
4,1,0,1,3,150,19,19,4200,64,0,0,0,
4,1,0,1,3,150,19,19,4400,64,0,0,2,
4,1,0,1,3,150,19,19,4600,64,0,0,2,
4,1,0,1,3,150,19,19,4800,64,0,0,0,
4,1,0,1,3,150,19,19,5000,64,0,0,2,
4,1,0,1,3,150,19,19,5200,64,0,0,4,
4,1,0,1,3,150,19,19,5400,64,0,0,2,
4,1,0,1,3,150,19,19,5600,64,0,0,0,
4,1,0,1,3,150,19,19,5800,64,0,0,17,
4,1,0,1,3,150,19,19,6000,64,0,0,2,
4,1,0,1,3,150,19,19,6200,64,0,0,0,
4,1,0,1,3,150,19,19,6400,64,0,0,1,
4,1,0,1,3,150,19,19,6600,64,0,0,0,
4,1,0,1,3,150,19,19,6800,64,0,0,0,
4,1,0,1,3,150,19,19,7000,64,0,0,2,
4,1,0,1,3,150,19,19,7200,64,0,0,1,
4,1,0,1,3,150,19,19,7400,64,0,0,0,
4,1,0,1,3,150,19,19,7600,64,0,0,0,
4,1,0,1,3,150,19,19,7800,64,0,0,0,
4,1,0,1,3,150,19,19,8000,64,0,0,2,
4,1,0,1,3,150,19,19,8200,64,0,0,0,
4,1,0,1,3,150,19,19,8400,64,0,0,4,
4,1,0,1,3,150,19,19,8600,64,0,0,2,
4,1,0,1,3,150,19,19,8800,64,0,0,4,
4,1,0,1,3,150,19,19,9000,64,0,0,2,
4,1,0,1,3,150,19,19,9200,64,0,0,1,
4,1,0,1,3,150,19,19,9400,64,0,0,2,
4,1,0,1,3,150,19,19,9600,64,0,0,4,
4,1,0,1,3,150,19,19,9800,64,0,0,2,
4,1,0,1,3,150,19,19,10000,64,0,0,0,
4,1,0,1,3,150,19,19,10200,64,0,0,0,
4,1,0,1,3,150,19,19,10400,64,0,0,0,
4,1,0,1,3,150,19,19,10600,64,0,0,1,
4,1,0,1,3,150,19,19,10800,64,0,0,0,
4,1,0,1,3,150,19,19,11000,64,0,0,5,
4,1,0,1,3,150,19,19,11200,64,0,0,1,
4,1,0,1,3,150,19,19,11400,64,0,0,0,
4,1,0,1,3,150,19,19,11600,64,0,0,1,
4,1,0,1,3,150,19,19,11800,64,0,0,2,
4,1,0,1,3,150,19,19,12000,64,0,0,0,
4,1,0,1,3,150,19,19,12200,64,0,0,2,
4,1,0,1,3,150,19,19,12400,64,0,0,0,
4,1,0,1,3,150,19,19,12600,64,0,0,4,
4,1,0,1,3,150,19,19,12800,64,0,0,1,
5,2,1,0,8,5150,40,40,0,64,32485,31644,32520,
5,2,1,0,8,5150,40,40,200,64,32499,32464,32520,
5,2,1,0,8,5150,40,40,400,64,32498,32475,32521,
5,2,1,0,8,5150,40,40,600,64,32499,32475,32520,
5,2,1,0,8,5150,40,40,800,64,32498,32461,32523,
5,2,1,0,8,5150,40,40,1000,64,32498,32470,32518,
5,2,1,0,8,5150,40,40,1200,64,32497,32468,32520,
5,2,1,0,8,5150,40,40,1400,64,32495,32470,32521,
5,2,1,0,8,5150,40,40,1600,64,32498,32475,32514,
5,2,1,0,8,5150,40,40,1800,64,32498,32478,32515,
5,2,1,0,8,5150,40,40,2000,64,32496,32479,32511,
5,2,1,0,8,5150,40,40,2200,64,32496,32478,32515,
5,2,1,0,8,5150,40,40,2400,64,32494,32466,32515,
5,2,1,0,8,5150,40,40,2600,64,32495,32479,32512,
5,2,1,0,8,5150,40,40,2800,64,32493,32417,32512,
5,2,1,0,8,5150,40,40,3000,64,32495,32482,32511,
5,2,1,0,8,5150,40,40,3200,64,32496,32477,32514,
5,2,1,0,8,5150,40,40,3400,64,32495,32479,32511,
5,2,1,0,8,5150,40,40,3600,64,32495,32473,32516,
5,2,1,0,8,5150,40,40,3800,64,32496,32473,32530,
5,2,1,0,8,5150,40,40,4000,64,32496,32464,32520,
5,2,1,0,8,5150,40,40,4200,64,32495,32475,32509,
5,2,1,0,8,5150,40,40,4400,64,32497,32481,32512,
5,2,1,0,8,5150,40,40,4600,64,32495,32473,32522,
5,2,1,0,8,5150,40,40,4800,64,32496,32483,32510,
5,2,1,0,8,5150,40,40,5000,64,32496,32479,32521,
5,2,1,0,8,5150,40,40,5200,64,32495,32381,32517,
5,2,1,0,8,5150,40,40,5400,64,32496,32480,32511,
5,2,1,0,8,5150,40,40,5600,64,32496,32477,32518,
5,2,1,0,8,5150,40,40,5800,64,32494,32477,32510,
5,2,1,0,8,5150,40,40,6000,64,32493,32326,32510,
5,2,1,0,8,5150,40,40,6200,64,32496,32465,32512,
5,2,1,0,8,5150,40,40,6400,64,32494,32476,32508,
5,2,1,0,8,5150,40,40,6600,64,32495,32395,32513,
5,2,1,0,8,5150,40,40,6800,64,32494,32316,32517,
5,2,1,0,8,5150,40,40,7000,64,32497,32471,32516,
5,2,1,0,8,5150,40,40,7200,64,32497,32472,32515,
5,2,1,0,8,5150,40,40,7400,64,32498,32467,32512,
5,2,1,0,8,5150,40,40,7600,64,32498,32467,32521,
5,2,1,0,8,5150,40,40,7800,64,32497,32472,32515,
5,2,1,0,8,5150,40,40,8000,64,32497,32470,32518,
5,2,1,0,8,5150,40,40,8200,64,32500,32474,32518,
5,2,1,0,8,5150,40,40,8400,64,32498,32471,32523,
5,2,1,0,8,5150,40,40,8600,64,32498,32463,32521,
5,2,1,0,8,5150,40,40,8800,64,32497,32478,32524,
5,2,1,0,8,5150,40,40,9000,64,32498,32467,32517,
5,2,1,0,8,5150,40,40,9200,64,32499,32472,32520,
5,2,1,0,8,5150,40,40,9400,64,32498,32469,32518,
5,2,1,0,8,5150,40,40,9600,64,32499,32464,32519,
5,2,1,0,8,5150,40,40,9800,64,32499,32471,32525,
5,2,1,0,8,5150,40,40,10000,64,32499,32468,32520,
5,2,1,0,8,5150,40,40,10200,64,32499,32471,32525,
5,2,1,0,8,5150,40,40,10400,64,32500,32476,32524,
5,2,1,0,8,5150,40,40,10600,64,32500,32473,32520,
5,2,1,0,8,5150,40,40,10800,64,32500,32474,32519,
5,2,1,0,8,5150,40,40,11000,64,32500,32468,32523,
5,2,1,0,8,5150,40,40,11200,64,32500,32469,32518,
5,2,1,0,8,5150,40,40,11400,64,32501,32475,32521,
5,2,1,0,8,5150,40,40,11600,64,32502,32472,32518,
5,2,1,0,8,5150,40,40,11800,64,32500,32472,32518,
5,2,1,0,8,5150,40,40,12000,64,32499,32471,32524,
5,2,1,0,8,5150,40,40,12200,64,32499,32470,32525,
5,2,1,0,8,5150,40,40,12400,64,32501,32482,32525,
5,2,1,0,8,5150,40,40,12600,64,32501,32480,32521,
5,2,1,0,8,5150,40,40,12800,64,32502,32474,32525,
6,2,1,1,6,5150,22,22,0,64,32570,31932,32599,
6,2,1,1,6,5150,22,22,200,64,32580,32559,32593,
6,2,1,1,6,5150,22,22,400,64,32579,32561,32599,
6,2,1,1,6,5150,22,22,600,64,32579,32520,32595,
6,2,1,1,6,5150,22,22,800,64,32580,32559,32592,
6,2,1,1,6,5150,22,22,1000,64,32579,32561,32595,
6,2,1,1,6,5150,22,22,1200,64,32578,32566,32599,
6,2,1,1,6,5150,22,22,1400,64,32580,32569,32594,
6,2,1,1,6,5150,22,22,1600,64,32579,32564,32596,
6,2,1,1,6,5150,22,22,1800,64,32578,32565,32594,
6,2,1,1,6,5150,22,22,2000,64,32577,32566,32590,
6,2,1,1,6,5150,22,22,2200,64,32578,32561,32590,
6,2,1,1,6,5150,22,22,2400,64,32577,32561,32588,
6,2,1,1,6,5150,22,22,2600,64,32576,32563,32591,
6,2,1,1,6,5150,22,22,2800,64,32576,32552,32593,
6,2,1,1,6,5150,22,22,3000,64,32577,32561,32587,
6,2,1,1,6,5150,22,22,3200,64,32576,32562,32596,
6,2,1,1,6,5150,22,22,3400,64,32576,32564,32590,
6,2,1,1,6,5150,22,22,3600,64,32576,32564,32592,
6,2,1,1,6,5150,22,22,3800,64,32575,32560,32592,
6,2,1,1,6,5150,22,22,4000,64,32576,32562,32593,
6,2,1,1,6,5150,22,22,4200,64,32576,32563,32590,
6,2,1,1,6,5150,22,22,4400,64,32577,32565,32591,
6,2,1,1,6,5150,22,22,4600,64,32577,32557,32590,
6,2,1,1,6,5150,22,22,4800,64,32576,32561,32592,
6,2,1,1,6,5150,22,22,5000,64,32576,32562,32592,
6,2,1,1,6,5150,22,22,5200,64,32576,32528,32594,
6,2,1,1,6,5150,22,22,5400,64,32577,32564,32595,
6,2,1,1,6,5150,22,22,5600,64,32576,32562,32596,
6,2,1,1,6,5150,22,22,5800,64,32576,32562,32594,
6,2,1,1,6,5150,22,22,6000,64,32578,32564,32596,
6,2,1,1,6,5150,22,22,6200,64,32577,32561,32596,
6,2,1,1,6,5150,22,22,6400,64,32579,32566,32598,
6,2,1,1,6,5150,22,22,6600,64,32576,32563,32592,
6,2,1,1,6,5150,22,22,6800,64,32578,32564,32593,
6,2,1,1,6,5150,22,22,7000,64,32578,32562,32593,
6,2,1,1,6,5150,22,22,7200,64,32577,32561,32589,
6,2,1,1,6,5150,22,22,7400,64,32579,32567,32596,
6,2,1,1,6,5150,22,22,7600,64,32579,32562,32597,
6,2,1,1,6,5150,22,22,7800,64,32578,32561,32593,
6,2,1,1,6,5150,22,22,8000,64,32579,32565,32594,
6,2,1,1,6,5150,22,22,8200,64,32579,32567,32599,
6,2,1,1,6,5150,22,22,8400,64,32580,32565,32596,
6,2,1,1,6,5150,22,22,8600,64,32579,32565,32597,
6,2,1,1,6,5150,22,22,8800,64,32580,32567,32595,
6,2,1,1,6,5150,22,22,9000,64,32579,32526,32598,
6,2,1,1,6,5150,22,22,9200,64,32580,32565,32594,
6,2,1,1,6,5150,22,22,9400,64,32580,32567,32597,
6,2,1,1,6,5150,22,22,9600,64,32582,32570,32596,
6,2,1,1,6,5150,22,22,9800,64,32583,32566,32602,
6,2,1,1,6,5150,22,22,10000,64,32582,32571,32601,
6,2,1,1,6,5150,22,22,10200,64,32582,32569,32602,
6,2,1,1,6,5150,22,22,10400,64,32582,32562,32601,
6,2,1,1,6,5150,22,22,10600,64,32581,32567,32596,
6,2,1,1,6,5150,22,22,10800,64,32582,32568,32597,
6,2,1,1,6,5150,22,22,11000,64,32581,32568,32600,
6,2,1,1,6,5150,22,22,11200,64,32580,32567,32596,
6,2,1,1,6,5150,22,22,11400,64,32581,32566,32596,
6,2,1,1,6,5150,22,22,11600,64,32582,32567,32599,
6,2,1,1,6,5150,22,22,11800,64,32581,32569,32595,
6,2,1,1,6,5150,22,22,12000,64,32582,32570,32596,
6,2,1,1,6,5150,22,22,12200,64,32582,32570,32594,
6,2,1,1,6,5150,22,22,12400,64,32582,32570,32602,
6,2,1,1,6,5150,22,22,12600,64,32582,32569,32602,
6,2,1,1,6,5150,22,22,12800,64,32581,32569,32597,
7,2,1,0,9,650,41,41,0,64,32754,32735,32773,
7,2,1,0,9,650,41,41,200,64,32757,32743,32776,
7,2,1,0,9,650,41,41,400,64,32754,32733,32775,
7,2,1,0,9,650,41,41,600,64,32753,32735,32773,
7,2,1,0,9,650,41,41,800,64,32753,32731,32773,
7,2,1,0,9,650,41,41,1000,64,32752,32734,32770,
7,2,1,0,9,650,41,41,1200,64,32750,32737,32771,
7,2,1,0,9,650,41,41,1400,64,32749,32732,32766,
7,2,1,0,9,650,41,41,1600,64,32753,32731,32772,
7,2,1,0,9,650,41,41,1800,64,32752,32737,32772,
7,2,1,0,9,650,41,41,2000,64,32751,32733,32768,
7,2,1,0,9,650,41,41,2200,64,32751,32730,32769,
7,2,1,0,9,650,41,41,2400,64,32750,32730,32768,
7,2,1,0,9,650,41,41,2600,64,32750,32726,32772,
7,2,1,0,9,650,41,41,2800,64,32751,32737,32766,
7,2,1,0,9,650,41,41,3000,64,32751,32733,32769,
7,2,1,0,9,650,41,41,3200,64,32750,32737,32768,
7,2,1,0,9,650,41,41,3400,64,32751,32735,32772,
7,2,1,0,9,650,41,41,3600,64,32751,32734,32769,
7,2,1,0,9,650,41,41,3800,64,32750,32737,32770,
7,2,1,0,9,650,41,41,4000,64,32751,32729,32774,
7,2,1,0,9,650,41,41,4200,64,32750,32729,32768,
7,2,1,0,9,650,41,41,4400,64,32750,32735,32768,
7,2,1,0,9,650,41,41,4600,64,32750,32735,32769,
7,2,1,0,9,650,41,41,4800,64,32750,32736,32769,
7,2,1,0,9,650,41,41,5000,64,32750,32737,32769,
7,2,1,0,9,650,41,41,5200,64,32754,32736,32774,
7,2,1,0,9,650,41,41,5400,64,32753,32738,32772,
7,2,1,0,9,650,41,41,5600,64,32753,32738,32767,
7,2,1,0,9,650,41,41,5800,64,32751,32735,32775,
7,2,1,0,9,650,41,41,6000,64,32753,32729,32772,
7,2,1,0,9,650,41,41,6200,64,32751,32737,32769,
7,2,1,0,9,650,41,41,6400,64,32753,32737,32773,
7,2,1,0,9,650,41,41,6600,64,32751,32735,32769,
7,2,1,0,9,650,41,41,6800,64,32754,32734,32774,
7,2,1,0,9,650,41,41,7000,64,32754,32742,32769,
7,2,1,0,9,650,41,41,7200,64,32755,32733,32774,
7,2,1,0,9,650,41,41,7400,64,32753,32741,32769,
7,2,1,0,9,650,41,41,7600,64,32753,32737,32768,
7,2,1,0,9,650,41,41,7800,64,32751,32596,32769,
7,2,1,0,9,650,41,41,8000,64,32754,32733,32770,
7,2,1,0,9,650,41,41,8200,64,32754,32742,32772,
7,2,1,0,9,650,41,41,8400,64,32756,32742,32782,
7,2,1,0,9,650,41,41,8600,64,32754,32735,32773,
7,2,1,0,9,650,41,41,8800,64,32757,32739,32772,
7,2,1,0,9,650,41,41,9000,64,32754,32714,32772,
7,2,1,0,9,650,41,41,9200,64,32756,32743,32773,
7,2,1,0,9,650,41,41,9400,64,32756,32738,32770,
7,2,1,0,9,650,41,41,9600,64,32757,32745,32772,
7,2,1,0,9,650,41,41,9800,64,32758,32738,32776,
7,2,1,0,9,650,41,41,10000,64,32757,32694,32772,
7,2,1,0,9,650,41,41,10200,64,32757,32742,32773,
7,2,1,0,9,650,41,41,10400,64,32756,32744,32774,
7,2,1,0,9,650,41,41,10600,64,32757,32694,32776,
7,2,1,0,9,650,41,41,10800,64,32759,32741,32774,
7,2,1,0,9,650,41,41,11000,64,32757,32745,32776,
7,2,1,0,9,650,41,41,11200,64,32757,32742,32772,
7,2,1,0,9,650,41,41,11400,64,32757,32741,32774,
7,2,1,0,9,650,41,41,11600,64,32758,32733,32776,
7,2,1,0,9,650,41,41,11800,64,32758,32745,32777,
7,2,1,0,9,650,41,41,12000,64,32758,32743,32776,
7,2,1,0,9,650,41,41,12200,64,32760,32743,32782,
7,2,1,0,9,650,41,41,12400,64,32759,32740,32777,
7,2,1,0,9,650,41,41,12600,64,32760,32747,32784,
7,2,1,0,9,650,41,41,12800,64,32758,32747,32776,
8,2,1,0,10,150,42,42,0,64,0,0,1,
8,2,1,0,10,150,42,42,200,64,0,0,4,
8,2,1,0,10,150,42,42,400,64,0,0,4,
8,2,1,0,10,150,42,42,600,64,0,0,8,
8,2,1,0,10,150,42,42,800,64,0,0,4,
8,2,1,0,10,150,42,42,1000,64,0,0,4,
8,2,1,0,10,150,42,42,1200,64,0,0,9,
8,2,1,0,10,150,42,42,1400,64,0,0,4,
8,2,1,0,10,150,42,42,1600,64,0,0,6,
8,2,1,0,10,150,42,42,1800,64,0,0,3,
8,2,1,0,10,150,42,42,2000,64,0,0,10,
8,2,1,0,10,150,42,42,2200,64,0,0,3,
8,2,1,0,10,150,42,42,2400,64,0,0,2,
8,2,1,0,10,150,42,42,2600,64,0,0,3,
8,2,1,0,10,150,42,42,2800,64,0,0,4,
8,2,1,0,10,150,42,42,3000,64,0,0,1,
8,2,1,0,10,150,42,42,3200,64,1,0,96,
8,2,1,0,10,150,42,42,3400,64,0,0,5,
8,2,1,0,10,150,42,42,3600,64,0,0,4,
8,2,1,0,10,150,42,42,3800,64,0,0,2,
8,2,1,0,10,150,42,42,4000,64,0,0,8,
8,2,1,0,10,150,42,42,4200,64,0,0,5,
8,2,1,0,10,150,42,42,4400,64,0,0,0,
8,2,1,0,10,150,42,42,4600,64,0,0,4,
8,2,1,0,10,150,42,42,4800,64,0,0,6,
8,2,1,0,10,150,42,42,5000,64,0,0,4,
8,2,1,0,10,150,42,42,5200,64,0,0,4,
8,2,1,0,10,150,42,42,5400,64,0,0,4,
8,2,1,0,10,150,42,42,5600,64,0,0,8,
8,2,1,0,10,150,42,42,5800,64,0,0,4,
8,2,1,0,10,150,42,42,6000,64,0,0,4,
8,2,1,0,10,150,42,42,6200,64,0,0,7,
8,2,1,0,10,150,42,42,6400,64,0,0,9,
8,2,1,0,10,150,42,42,6600,64,0,0,5,
8,2,1,0,10,150,42,42,6800,64,0,0,8,
8,2,1,0,10,150,42,42,7000,64,0,0,8,
8,2,1,0,10,150,42,42,7200,64,0,0,3,
8,2,1,0,10,150,42,42,7400,64,0,0,1,
8,2,1,0,10,150,42,42,7600,64,0,0,5,
8,2,1,0,10,150,42,42,7800,64,0,0,4,
8,2,1,0,10,150,42,42,8000,64,0,0,5,
8,2,1,0,10,150,42,42,8200,64,0,0,9,
8,2,1,0,10,150,42,42,8400,64,1,0,64,
8,2,1,0,10,150,42,42,8600,64,0,0,4,
8,2,1,0,10,150,42,42,8800,64,0,0,2,
8,2,1,0,10,150,42,42,9000,64,0,0,5,
8,2,1,0,10,150,42,42,9200,64,0,0,4,
8,2,1,0,10,150,42,42,9400,64,0,0,9,
8,2,1,0,10,150,42,42,9600,64,0,0,8,
8,2,1,0,10,150,42,42,9800,64,0,0,5,
8,2,1,0,10,150,42,42,10000,64,0,0,2,
8,2,1,0,10,150,42,42,10200,64,0,0,3,
8,2,1,0,10,150,42,42,10400,64,0,0,2,
8,2,1,0,10,150,42,42,10600,64,0,0,2,
8,2,1,0,10,150,42,42,10800,64,0,0,4,
8,2,1,0,10,150,42,42,11000,64,0,0,5,
8,2,1,0,10,150,42,42,11200,64,0,0,8,
8,2,1,0,10,150,42,42,11400,64,0,0,10,
8,2,1,0,10,150,42,42,11600,64,0,0,4,
8,2,1,0,10,150,42,42,11800,64,0,0,6,
8,2,1,0,10,150,42,42,12000,64,0,0,6,
8,2,1,0,10,150,42,42,12200,64,0,0,8,
8,2,1,0,10,150,42,42,12400,64,0,0,6,
8,2,1,0,10,150,42,42,12600,64,0,0,2,
8,2,1,0,10,150,42,42,12800,64,0,0,5,
9,2,1,1,3,150,19,19,0,64,0,0,2,
9,2,1,1,3,150,19,19,200,64,0,0,1,
9,2,1,1,3,150,19,19,400,64,0,0,2,
9,2,1,1,3,150,19,19,600,64,0,0,3,
9,2,1,1,3,150,19,19,800,64,0,0,0,
9,2,1,1,3,150,19,19,1000,64,0,0,2,
9,2,1,1,3,150,19,19,1200,64,0,0,0,
9,2,1,1,3,150,19,19,1400,64,0,0,0,
9,2,1,1,3,150,19,19,1600,64,0,0,0,
9,2,1,1,3,150,19,19,1800,64,0,0,0,
9,2,1,1,3,150,19,19,2000,64,0,0,0,
9,2,1,1,3,150,19,19,2200,64,0,0,0,
9,2,1,1,3,150,19,19,2400,64,0,0,1,
9,2,1,1,3,150,19,19,2600,64,0,0,0,
9,2,1,1,3,150,19,19,2800,64,0,0,2,
9,2,1,1,3,150,19,19,3000,64,0,0,2,
9,2,1,1,3,150,19,19,3200,64,0,0,0,
9,2,1,1,3,150,19,19,3400,64,0,0,0,
9,2,1,1,3,150,19,19,3600,64,0,0,0,
9,2,1,1,3,150,19,19,3800,64,0,0,0,
9,2,1,1,3,150,19,19,4000,64,0,0,0,
9,2,1,1,3,150,19,19,4200,64,0,0,0,
9,2,1,1,3,150,19,19,4400,64,0,0,0,
9,2,1,1,3,150,19,19,4600,64,0,0,0,
9,2,1,1,3,150,19,19,4800,64,0,0,1,
9,2,1,1,3,150,19,19,5000,64,0,0,0,
9,2,1,1,3,150,19,19,5200,64,0,0,0,
9,2,1,1,3,150,19,19,5400,64,0,0,1,
9,2,1,1,3,150,19,19,5600,64,0,0,0,
9,2,1,1,3,150,19,19,5800,64,0,0,0,
9,2,1,1,3,150,19,19,6000,64,0,0,0,
9,2,1,1,3,150,19,19,6200,64,0,0,0,
9,2,1,1,3,150,19,19,6400,64,0,0,0,
9,2,1,1,3,150,19,19,6600,64,0,0,0,
9,2,1,1,3,150,19,19,6800,64,0,0,0,
9,2,1,1,3,150,19,19,7000,64,0,0,0,
9,2,1,1,3,150,19,19,7200,64,0,0,0,
9,2,1,1,3,150,19,19,7400,64,0,0,0,
9,2,1,1,3,150,19,19,7600,64,0,0,0,
9,2,1,1,3,150,19,19,7800,64,0,0,0,
9,2,1,1,3,150,19,19,8000,64,0,0,2,
9,2,1,1,3,150,19,19,8200,64,0,0,0,
9,2,1,1,3,150,19,19,8400,64,0,0,0,
9,2,1,1,3,150,19,19,8600,64,0,0,0,
9,2,1,1,3,150,19,19,8800,64,0,0,0,
9,2,1,1,3,150,19,19,9000,64,0,0,0,
9,2,1,1,3,150,19,19,9200,64,0,0,0,
9,2,1,1,3,150,19,19,9400,64,0,0,1,
9,2,1,1,3,150,19,19,9600,64,0,0,0,
9,2,1,1,3,150,19,19,9800,64,0,0,2,
9,2,1,1,3,150,19,19,10000,64,0,0,53,
9,2,1,1,3,150,19,19,10200,64,0,0,0,
9,2,1,1,3,150,19,19,10400,64,0,0,0,
9,2,1,1,3,150,19,19,10600,64,0,0,0,
9,2,1,1,3,150,19,19,10800,64,0,0,1,
9,2,1,1,3,150,19,19,11000,64,0,0,0,
9,2,1,1,3,150,19,19,11200,64,0,0,4,
9,2,1,1,3,150,19,19,11400,64,0,0,0,
9,2,1,1,3,150,19,19,11600,64,0,0,1,
9,2,1,1,3,150,19,19,11800,64,0,0,0,
9,2,1,1,3,150,19,19,12000,64,0,0,0,
9,2,1,1,3,150,19,19,12200,64,0,0,0,
9,2,1,1,3,150,19,19,12400,64,0,0,4,
9,2,1,1,3,150,19,19,12600,64,0,0,0,
9,2,1,1,3,150,19,19,12800,64,0,0,0,
10,3,1,0,8,5150,8,40,0,64,32487,31640,32522,2
10,3,1,0,8,5150,8,40,200,64,32499,32474,32529,0
10,3,1,0,8,5150,8,40,400,64,32498,32471,32521,0
10,3,1,0,8,5150,8,40,600,64,32498,32465,32520,-1
10,3,1,0,8,5150,8,40,800,64,32497,32482,32520,-1
10,3,1,0,8,5150,8,40,1000,64,32499,32467,32521,1
10,3,1,0,8,5150,8,40,1200,64,32498,32467,32518,1
10,3,1,0,8,5150,8,40,1400,64,32495,32478,32520,0
10,3,1,0,8,5150,8,40,1600,64,32499,32481,32517,1
10,3,1,0,8,5150,8,40,1800,64,32498,32470,32516,0
10,3,1,0,8,5150,8,40,2000,64,32498,32481,32520,2
10,3,1,0,8,5150,8,40,2200,64,32499,32471,32521,3
10,3,1,0,8,5150,8,40,2400,64,32495,32480,32513,1
10,3,1,0,8,5150,8,40,2600,64,32495,32476,32520,0
10,3,1,0,8,5150,8,40,2800,64,32496,32481,32511,3
10,3,1,0,8,5150,8,40,3000,64,32499,32473,32512,4
10,3,1,0,8,5150,8,40,3200,64,32496,32465,32518,0
10,3,1,0,8,5150,8,40,3400,64,32499,32470,32512,4
10,3,1,0,8,5150,8,40,3600,64,32491,32469,32512,-4
10,3,1,0,8,5150,8,40,3800,64,32495,32467,32514,-1
10,3,1,0,8,5150,8,40,4000,64,32494,32463,32514,-2
10,3,1,0,8,5150,8,40,4200,64,32494,32479,32505,-1
10,3,1,0,8,5150,8,40,4400,64,32494,32471,32514,-3
10,3,1,0,8,5150,8,40,4600,64,32496,32479,32520,1
10,3,1,0,8,5150,8,40,4800,64,32495,32388,32511,-1
10,3,1,0,8,5150,8,40,5000,64,32496,32472,32519,0
10,3,1,0,8,5150,8,40,5200,64,32492,32418,32514,-3
10,3,1,0,8,5150,8,40,5400,64,32495,32478,32518,-1
10,3,1,0,8,5150,8,40,5600,64,32494,32466,32516,-2
10,3,1,0,8,5150,8,40,5800,64,32497,32482,32516,3
10,3,1,0,8,5150,8,40,6000,64,32494,32468,32518,1
10,3,1,0,8,5150,8,40,6200,64,32495,32466,32512,-1
10,3,1,0,8,5150,8,40,6400,64,32494,32346,32522,0
10,3,1,0,8,5150,8,40,6600,64,32493,32308,32520,-2
10,3,1,0,8,5150,8,40,6800,64,32498,32468,32516,4
10,3,1,0,8,5150,8,40,7000,64,32497,32471,32517,0
10,3,1,0,8,5150,8,40,7200,64,32498,32479,32520,1
10,3,1,0,8,5150,8,40,7400,64,32497,32472,32520,-1
10,3,1,0,8,5150,8,40,7600,64,32500,32472,32514,2
10,3,1,0,8,5150,8,40,7800,64,32498,32473,32517,1
10,3,1,0,8,5150,8,40,8000,64,32499,32476,32518,2
10,3,1,0,8,5150,8,40,8200,64,32499,32468,32520,-1
10,3,1,0,8,5150,8,40,8400,64,32498,32472,32518,0
10,3,1,0,8,5150,8,40,8600,64,32498,32466,32520,0
10,3,1,0,8,5150,8,40,8800,64,32500,32481,32516,3
10,3,1,0,8,5150,8,40,9000,64,32501,32470,32521,3
10,3,1,0,8,5150,8,40,9200,64,32500,32474,32522,1
10,3,1,0,8,5150,8,40,9400,64,32501,32473,32524,3
10,3,1,0,8,5150,8,40,9600,64,32500,32471,32524,1
10,3,1,0,8,5150,8,40,9800,64,32499,32391,32521,0
10,3,1,0,8,5150,8,40,10000,64,32497,32465,32521,-2
10,3,1,0,8,5150,8,40,10200,64,32498,32476,32524,-1
10,3,1,0,8,5150,8,40,10400,64,32501,32466,32520,1
10,3,1,0,8,5150,8,40,10600,64,32499,32452,32526,-1
10,3,1,0,8,5150,8,40,10800,64,32501,32473,32527,1
10,3,1,0,8,5150,8,40,11000,64,32498,32473,32521,-2
10,3,1,0,8,5150,8,40,11200,64,32496,32317,32516,-4
10,3,1,0,8,5150,8,40,11400,64,32500,32465,32522,-1
10,3,1,0,8,5150,8,40,11600,64,32500,32470,32522,-2
10,3,1,0,8,5150,8,40,11800,64,32500,32471,32525,0
10,3,1,0,8,5150,8,40,12000,64,32500,32471,32523,1
10,3,1,0,8,5150,8,40,12200,64,32500,32472,32530,1
10,3,1,0,8,5150,8,40,12400,64,32500,32471,32525,-1
10,3,1,0,8,5150,8,40,12600,64,32502,32472,32524,1
10,3,1,0,8,5150,8,40,12800,64,32500,32471,32523,-2
11,3,1,0,8,5150,40,8,0,64,32485,31637,32520,0
11,3,1,0,8,5150,40,8,200,64,32499,32476,32515,0
11,3,1,0,8,5150,40,8,400,64,32497,32468,32521,-1
11,3,1,0,8,5150,40,8,600,64,32499,32480,32517,0
11,3,1,0,8,5150,40,8,800,64,32500,32469,32516,2
11,3,1,0,8,5150,40,8,1000,64,32499,32465,32516,1
11,3,1,0,8,5150,40,8,1200,64,32498,32474,32522,1
11,3,1,0,8,5150,40,8,1400,64,32500,32474,32514,5
11,3,1,0,8,5150,40,8,1600,64,32496,32459,32523,-2
11,3,1,0,8,5150,40,8,1800,64,32495,32474,32515,-3
11,3,1,0,8,5150,40,8,2000,64,32497,32473,32516,1
11,3,1,0,8,5150,40,8,2200,64,32496,32459,32516,0
11,3,1,0,8,5150,40,8,2400,64,32493,32336,32516,-1
11,3,1,0,8,5150,40,8,2600,64,32497,32469,32523,2
11,3,1,0,8,5150,40,8,2800,64,32496,32470,32516,3
11,3,1,0,8,5150,40,8,3000,64,32496,32474,32516,1
11,3,1,0,8,5150,40,8,3200,64,32494,32471,32513,-2
11,3,1,0,8,5150,40,8,3400,64,32494,32473,32512,-1
11,3,1,0,8,5150,40,8,3600,64,32498,32479,32516,3
11,3,1,0,8,5150,40,8,3800,64,32493,32472,32512,-3
11,3,1,0,8,5150,40,8,4000,64,32495,32466,32516,-1
11,3,1,0,8,5150,40,8,4200,64,32494,32464,32516,-1
11,3,1,0,8,5150,40,8,4400,64,32496,32465,32514,-1
11,3,1,0,8,5150,40,8,4600,64,32494,32471,32515,-1
11,3,1,0,8,5150,40,8,4800,64,32496,32483,32511,0
11,3,1,0,8,5150,40,8,5000,64,32493,32468,32517,-3
11,3,1,0,8,5150,40,8,5200,64,32493,32471,32517,-2
11,3,1,0,8,5150,40,8,5400,64,32494,32465,32516,-2
11,3,1,0,8,5150,40,8,5600,64,32498,32475,32518,2
11,3,1,0,8,5150,40,8,5800,64,32497,32483,32511,3
11,3,1,0,8,5150,40,8,6000,64,32496,32483,32518,3
11,3,1,0,8,5150,40,8,6200,64,32497,32470,32512,1
11,3,1,0,8,5150,40,8,6400,64,32494,32389,32520,0
11,3,1,0,8,5150,40,8,6600,64,32495,32482,32511,0
11,3,1,0,8,5150,40,8,6800,64,32497,32482,32509,3
11,3,1,0,8,5150,40,8,7000,64,32498,32474,32518,1
11,3,1,0,8,5150,40,8,7200,64,32498,32465,32517,1
11,3,1,0,8,5150,40,8,7400,64,32498,32469,32521,0
11,3,1,0,8,5150,40,8,7600,64,32498,32471,32527,0
11,3,1,0,8,5150,40,8,7800,64,32500,32484,32515,3
11,3,1,0,8,5150,40,8,8000,64,32496,32460,32513,-1
11,3,1,0,8,5150,40,8,8200,64,32498,32445,32528,-2
11,3,1,0,8,5150,40,8,8400,64,32500,32476,32520,2
11,3,1,0,8,5150,40,8,8600,64,32501,32473,32521,3
11,3,1,0,8,5150,40,8,8800,64,32499,32468,32528,2
11,3,1,0,8,5150,40,8,9000,64,32497,32468,32516,-1
11,3,1,0,8,5150,40,8,9200,64,32501,32475,32524,2
11,3,1,0,8,5150,40,8,9400,64,32498,32333,32531,0
11,3,1,0,8,5150,40,8,9600,64,32500,32476,32519,1
11,3,1,0,8,5150,40,8,9800,64,32502,32473,32526,3
11,3,1,0,8,5150,40,8,10000,64,32500,32468,32526,1
11,3,1,0,8,5150,40,8,10200,64,32500,32469,32523,1
11,3,1,0,8,5150,40,8,10400,64,32497,32337,32517,-3
11,3,1,0,8,5150,40,8,10600,64,32498,32470,32521,-2
11,3,1,0,8,5150,40,8,10800,64,32500,32469,32517,0
11,3,1,0,8,5150,40,8,11000,64,32499,32470,32524,-1
11,3,1,0,8,5150,40,8,11200,64,32499,32476,32520,-1
11,3,1,0,8,5150,40,8,11400,64,32500,32470,32524,-1
11,3,1,0,8,5150,40,8,11600,64,32502,32477,32523,0
11,3,1,0,8,5150,40,8,11800,64,32499,32470,32520,-1
11,3,1,0,8,5150,40,8,12000,64,32499,32480,32518,0
11,3,1,0,8,5150,40,8,12200,64,32501,32480,32529,2
11,3,1,0,8,5150,40,8,12400,64,32500,32469,32521,-1
11,3,1,0,8,5150,40,8,12600,64,32499,32470,32523,-2
11,3,1,0,8,5150,40,8,12800,64,32501,32470,32520,-1
12,3,1,0,9,650,9,41,0,64,32753,32735,32772,-1
12,3,1,0,9,650,9,41,200,64,32756,32741,32777,-1
12,3,1,0,9,650,9,41,400,64,32753,32739,32769,-1
12,3,1,0,9,650,9,41,600,64,32754,32741,32767,1
12,3,1,0,9,650,9,41,800,64,32753,32734,32770,0
12,3,1,0,9,650,9,41,1000,64,32751,32741,32772,-1
12,3,1,0,9,650,9,41,1200,64,32754,32737,32769,4
12,3,1,0,9,650,9,41,1400,64,32750,32735,32769,1
12,3,1,0,9,650,9,41,1600,64,32751,32732,32768,-2
12,3,1,0,9,650,9,41,1800,64,32751,32737,32769,-1
12,3,1,0,9,650,9,41,2000,64,32752,32738,32773,1
12,3,1,0,9,650,9,41,2200,64,32748,32716,32766,-3
12,3,1,0,9,650,9,41,2400,64,32751,32738,32766,1
12,3,1,0,9,650,9,41,2600,64,32749,32737,32765,-1
12,3,1,0,9,650,9,41,2800,64,32750,32733,32766,-1
12,3,1,0,9,650,9,41,3000,64,32749,32696,32766,-2
12,3,1,0,9,650,9,41,3200,64,32753,32732,32774,3
12,3,1,0,9,650,9,41,3400,64,32754,32738,32770,3
12,3,1,0,9,650,9,41,3600,64,32752,32621,32770,1
12,3,1,0,9,650,9,41,3800,64,32753,32735,32770,3
12,3,1,0,9,650,9,41,4000,64,32752,32729,32772,1
12,3,1,0,9,650,9,41,4200,64,32751,32737,32768,1
12,3,1,0,9,650,9,41,4400,64,32752,32735,32773,2
12,3,1,0,9,650,9,41,4600,64,32750,32738,32768,0
12,3,1,0,9,650,9,41,4800,64,32753,32732,32772,3
12,3,1,0,9,650,9,41,5000,64,32752,32739,32771,2
12,3,1,0,9,650,9,41,5200,64,32752,32737,32771,-2
12,3,1,0,9,650,9,41,5400,64,32752,32735,32774,-1
12,3,1,0,9,650,9,41,5600,64,32753,32736,32767,0
12,3,1,0,9,650,9,41,5800,64,32753,32733,32774,2
12,3,1,0,9,650,9,41,6000,64,32753,32731,32778,0
12,3,1,0,9,650,9,41,6200,64,32751,32733,32771,0
12,3,1,0,9,650,9,41,6400,64,32751,32732,32769,-2
12,3,1,0,9,650,9,41,6600,64,32754,32738,32771,3
12,3,1,0,9,650,9,41,6800,64,32754,32738,32771,0
12,3,1,0,9,650,9,41,7000,64,32753,32741,32772,-1
12,3,1,0,9,650,9,41,7200,64,32752,32739,32771,-3
12,3,1,0,9,650,9,41,7400,64,32753,32739,32770,0
12,3,1,0,9,650,9,41,7600,64,32754,32740,32769,1
12,3,1,0,9,650,9,41,7800,64,32755,32741,32769,4
12,3,1,0,9,650,9,41,8000,64,32754,32736,32771,0
12,3,1,0,9,650,9,41,8200,64,32755,32738,32770,1
12,3,1,0,9,650,9,41,8400,64,32755,32739,32773,-1
12,3,1,0,9,650,9,41,8600,64,32755,32743,32773,1
12,3,1,0,9,650,9,41,8800,64,32754,32735,32769,-3
12,3,1,0,9,650,9,41,9000,64,32756,32740,32773,2
12,3,1,0,9,650,9,41,9200,64,32757,32740,32778,1
12,3,1,0,9,650,9,41,9400,64,32756,32742,32777,0
12,3,1,0,9,650,9,41,9600,64,32757,32743,32773,0
12,3,1,0,9,650,9,41,9800,64,32756,32735,32771,-2
12,3,1,0,9,650,9,41,10000,64,32758,32741,32776,1
12,3,1,0,9,650,9,41,10200,64,32755,32617,32776,-2
12,3,1,0,9,650,9,41,10400,64,32758,32739,32777,2
12,3,1,0,9,650,9,41,10600,64,32758,32741,32776,1
12,3,1,0,9,650,9,41,10800,64,32755,32622,32773,-4
12,3,1,0,9,650,9,41,11000,64,32757,32744,32774,0
12,3,1,0,9,650,9,41,11200,64,32758,32744,32774,1
12,3,1,0,9,650,9,41,11400,64,32757,32631,32780,0
12,3,1,0,9,650,9,41,11600,64,32758,32743,32773,0
12,3,1,0,9,650,9,41,11800,64,32759,32742,32774,1
12,3,1,0,9,650,9,41,12000,64,32759,32745,32779,1
12,3,1,0,9,650,9,41,12200,64,32761,32743,32786,1
12,3,1,0,9,650,9,41,12400,64,32760,32745,32785,1
12,3,1,0,9,650,9,41,12600,64,32757,32622,32778,-3
12,3,1,0,9,650,9,41,12800,64,32759,32745,32777,1
13,3,1,0,9,650,41,9,0,64,32754,32735,32776,0
13,3,1,0,9,650,41,9,200,64,32753,32730,32770,-4
13,3,1,0,9,650,41,9,400,64,32753,32734,32774,-1
13,3,1,0,9,650,41,9,600,64,32754,32729,32774,1
13,3,1,0,9,650,41,9,800,64,32754,32735,32769,1
13,3,1,0,9,650,41,9,1000,64,32753,32735,32772,1
13,3,1,0,9,650,41,9,1200,64,32753,32736,32766,3
13,3,1,0,9,650,41,9,1400,64,32751,32737,32771,2
13,3,1,0,9,650,41,9,1600,64,32752,32737,32772,-1
13,3,1,0,9,650,41,9,1800,64,32752,32733,32769,0
13,3,1,0,9,650,41,9,2000,64,32752,32730,32766,1
13,3,1,0,9,650,41,9,2200,64,32751,32736,32776,0
13,3,1,0,9,650,41,9,2400,64,32751,32734,32771,1
13,3,1,0,9,650,41,9,2600,64,32751,32735,32771,1
13,3,1,0,9,650,41,9,2800,64,32751,32735,32773,0
13,3,1,0,9,650,41,9,3000,64,32751,32733,32769,0
13,3,1,0,9,650,41,9,3200,64,32751,32737,32769,1
13,3,1,0,9,650,41,9,3400,64,32750,32731,32774,-1
13,3,1,0,9,650,41,9,3600,64,32751,32737,32764,0
13,3,1,0,9,650,41,9,3800,64,32751,32736,32774,1
13,3,1,0,9,650,41,9,4000,64,32749,32731,32762,-2
13,3,1,0,9,650,41,9,4200,64,32750,32733,32776,0
13,3,1,0,9,650,41,9,4400,64,32754,32741,32772,4
13,3,1,0,9,650,41,9,4600,64,32748,32579,32768,-2
13,3,1,0,9,650,41,9,4800,64,32752,32736,32770,2
13,3,1,0,9,650,41,9,5000,64,32752,32739,32773,2
13,3,1,0,9,650,41,9,5200,64,32752,32735,32773,-2
13,3,1,0,9,650,41,9,5400,64,32751,32735,32772,-2
13,3,1,0,9,650,41,9,5600,64,32751,32735,32770,-2
13,3,1,0,9,650,41,9,5800,64,32753,32739,32767,2
13,3,1,0,9,650,41,9,6000,64,32753,32731,32772,0
13,3,1,0,9,650,41,9,6200,64,32752,32734,32769,1
13,3,1,0,9,650,41,9,6400,64,32752,32739,32772,-1
13,3,1,0,9,650,41,9,6600,64,32752,32737,32785,1
13,3,1,0,9,650,41,9,6800,64,32756,32741,32770,2
13,3,1,0,9,650,41,9,7000,64,32754,32741,32773,0
13,3,1,0,9,650,41,9,7200,64,32755,32740,32770,0
13,3,1,0,9,650,41,9,7400,64,32755,32742,32774,2
13,3,1,0,9,650,41,9,7600,64,32756,32744,32774,3
13,3,1,0,9,650,41,9,7800,64,32755,32742,32776,4
13,3,1,0,9,650,41,9,8000,64,32755,32733,32776,1
13,3,1,0,9,650,41,9,8200,64,32755,32743,32774,1
13,3,1,0,9,650,41,9,8400,64,32757,32738,32776,1
13,3,1,0,9,650,41,9,8600,64,32757,32741,32776,3
13,3,1,0,9,650,41,9,8800,64,32755,32737,32771,-2
13,3,1,0,9,650,41,9,9000,64,32758,32747,32770,4
13,3,1,0,9,650,41,9,9200,64,32756,32735,32776,0
13,3,1,0,9,650,41,9,9400,64,32756,32741,32784,0
13,3,1,0,9,650,41,9,9600,64,32757,32740,32779,0
13,3,1,0,9,650,41,9,9800,64,32758,32744,32776,0
13,3,1,0,9,650,41,9,10000,64,32758,32737,32782,1
13,3,1,0,9,650,41,9,10200,64,32757,32742,32772,0
13,3,1,0,9,650,41,9,10400,64,32759,32743,32779,3
13,3,1,0,9,650,41,9,10600,64,32758,32738,32776,1
13,3,1,0,9,650,41,9,10800,64,32758,32741,32776,-1
13,3,1,0,9,650,41,9,11000,64,32759,32739,32778,2
13,3,1,0,9,650,41,9,11200,64,32759,32737,32776,2
13,3,1,0,9,650,41,9,11400,64,32759,32740,32776,2
13,3,1,0,9,650,41,9,11600,64,32758,32747,32779,0
13,3,1,0,9,650,41,9,11800,64,32759,32742,32778,1
13,3,1,0,9,650,41,9,12000,64,32758,32741,32778,0
13,3,1,0,9,650,41,9,12200,64,32759,32737,32778,-1
13,3,1,0,9,650,41,9,12400,64,32759,32743,32781,0
13,3,1,0,9,650,41,9,12600,64,32759,32743,32777,-1
13,3,1,0,9,650,41,9,12800,64,32759,32745,32774,1
14,3,1,0,10,150,10,42,0,64,0,0,4,0
14,3,1,0,10,150,10,42,200,64,0,0,11,0
14,3,1,0,10,150,10,42,400,64,0,0,8,0
14,3,1,0,10,150,10,42,600,64,0,0,12,0
14,3,1,0,10,150,10,42,800,64,0,0,8,0
14,3,1,0,10,150,10,42,1000,64,0,0,6,0
14,3,1,0,10,150,10,42,1200,64,0,0,37,0
14,3,1,0,10,150,10,42,1400,64,0,0,8,0
14,3,1,0,10,150,10,42,1600,64,0,0,2,0
14,3,1,0,10,150,10,42,1800,64,0,0,8,0
14,3,1,0,10,150,10,42,2000,64,0,0,8,0
14,3,1,0,10,150,10,42,2200,64,0,0,1,0
14,3,1,0,10,150,10,42,2400,64,0,0,4,0
14,3,1,0,10,150,10,42,2600,64,0,0,5,0
14,3,1,0,10,150,10,42,2800,64,0,0,4,0
14,3,1,0,10,150,10,42,3000,64,0,0,8,0
14,3,1,0,10,150,10,42,3200,64,0,0,8,-1
14,3,1,0,10,150,10,42,3400,64,0,0,10,0
14,3,1,0,10,150,10,42,3600,64,0,0,1,0
14,3,1,0,10,150,10,42,3800,64,0,0,1,0
14,3,1,0,10,150,10,42,4000,64,0,0,4,0
14,3,1,0,10,150,10,42,4200,64,0,0,32,0
14,3,1,0,10,150,10,42,4400,64,0,0,4,0
14,3,1,0,10,150,10,42,4600,64,0,0,8,0
14,3,1,0,10,150,10,42,4800,64,0,0,8,0
14,3,1,0,10,150,10,42,5000,64,0,0,4,0
14,3,1,0,10,150,10,42,5200,64,0,0,2,0
14,3,1,0,10,150,10,42,5400,64,0,0,4,0
14,3,1,0,10,150,10,42,5600,64,0,0,25,0
14,3,1,0,10,150,10,42,5800,64,0,0,8,0
14,3,1,0,10,150,10,42,6000,64,0,0,8,0
14,3,1,0,10,150,10,42,6200,64,0,0,4,0
14,3,1,0,10,150,10,42,6400,64,0,0,8,0
14,3,1,0,10,150,10,42,6600,64,0,0,1,0
14,3,1,0,10,150,10,42,6800,64,0,0,1,0
14,3,1,0,10,150,10,42,7000,64,0,0,9,0
14,3,1,0,10,150,10,42,7200,64,0,0,4,0
14,3,1,0,10,150,10,42,7400,64,0,0,6,0
14,3,1,0,10,150,10,42,7600,64,0,0,5,0
14,3,1,0,10,150,10,42,7800,64,0,0,2,0
14,3,1,0,10,150,10,42,8000,64,0,0,0,0
14,3,1,0,10,150,10,42,8200,64,0,0,6,0
14,3,1,0,10,150,10,42,8400,64,0,0,2,-1
14,3,1,0,10,150,10,42,8600,64,0,0,7,0
14,3,1,0,10,150,10,42,8800,64,0,0,7,0
14,3,1,0,10,150,10,42,9000,64,0,0,4,0
14,3,1,0,10,150,10,42,9200,64,0,0,5,0
14,3,1,0,10,150,10,42,9400,64,0,0,5,0
14,3,1,0,10,150,10,42,9600,64,0,0,6,0
14,3,1,0,10,150,10,42,9800,64,0,0,8,0
14,3,1,0,10,150,10,42,10000,64,0,0,8,0
14,3,1,0,10,150,10,42,10200,64,0,0,2,0
14,3,1,0,10,150,10,42,10400,64,0,0,6,0
14,3,1,0,10,150,10,42,10600,64,0,0,8,0
14,3,1,0,10,150,10,42,10800,64,0,0,9,0
14,3,1,0,10,150,10,42,11000,64,0,0,5,0
14,3,1,0,10,150,10,42,11200,64,0,0,4,0
14,3,1,0,10,150,10,42,11400,64,0,0,5,0
14,3,1,0,10,150,10,42,11600,64,0,0,5,0
14,3,1,0,10,150,10,42,11800,64,0,0,9,0
14,3,1,0,10,150,10,42,12000,64,0,0,8,0
14,3,1,0,10,150,10,42,12200,64,0,0,2,0
14,3,1,0,10,150,10,42,12400,64,0,0,10,0
14,3,1,0,10,150,10,42,12600,64,0,0,8,0
14,3,1,0,10,150,10,42,12800,64,0,0,6,0
15,3,1,0,10,150,42,10,0,64,0,0,2,0
15,3,1,0,10,150,42,10,200,64,0,0,13,0
15,3,1,0,10,150,42,10,400,64,0,0,8,0
15,3,1,0,10,150,42,10,600,64,0,0,9,0
15,3,1,0,10,150,42,10,800,64,0,0,5,0
15,3,1,0,10,150,42,10,1000,64,0,0,8,0
15,3,1,0,10,150,42,10,1200,64,0,0,5,0
15,3,1,0,10,150,42,10,1400,64,0,0,8,0
15,3,1,0,10,150,42,10,1600,64,0,0,6,0
15,3,1,0,10,150,42,10,1800,64,0,0,37,0
15,3,1,0,10,150,42,10,2000,64,0,0,5,0
15,3,1,0,10,150,42,10,2200,64,0,0,8,0
15,3,1,0,10,150,42,10,2400,64,0,0,5,0
15,3,1,0,10,150,42,10,2600,64,0,0,2,0
15,3,1,0,10,150,42,10,2800,64,0,0,10,0
15,3,1,0,10,150,42,10,3000,64,0,0,8,0
15,3,1,0,10,150,42,10,3200,64,0,0,8,-1
15,3,1,0,10,150,42,10,3400,64,0,0,3,0
15,3,1,0,10,150,42,10,3600,64,0,0,4,0
15,3,1,0,10,150,42,10,3800,64,0,0,2,0
15,3,1,0,10,150,42,10,4000,64,0,0,8,0
15,3,1,0,10,150,42,10,4200,64,0,0,5,0
15,3,1,0,10,150,42,10,4400,64,0,0,6,0
15,3,1,0,10,150,42,10,4600,64,0,0,4,0
15,3,1,0,10,150,42,10,4800,64,0,0,7,0
15,3,1,0,10,150,42,10,5000,64,0,0,7,0
15,3,1,0,10,150,42,10,5200,64,0,0,4,0
15,3,1,0,10,150,42,10,5400,64,0,0,8,0
15,3,1,0,10,150,42,10,5600,64,0,0,9,0
15,3,1,0,10,150,42,10,5800,64,0,0,3,0
15,3,1,0,10,150,42,10,6000,64,0,0,6,0
15,3,1,0,10,150,42,10,6200,64,0,0,6,0
15,3,1,0,10,150,42,10,6400,64,0,0,4,0
15,3,1,0,10,150,42,10,6600,64,0,0,2,0
15,3,1,0,10,150,42,10,6800,64,0,0,5,0
15,3,1,0,10,150,42,10,7000,64,0,0,1,0
15,3,1,0,10,150,42,10,7200,64,0,0,1,0
15,3,1,0,10,150,42,10,7400,64,0,0,8,0
15,3,1,0,10,150,42,10,7600,64,0,0,9,0
15,3,1,0,10,150,42,10,7800,64,0,0,4,0
15,3,1,0,10,150,42,10,8000,64,0,0,2,0
15,3,1,0,10,150,42,10,8200,64,0,0,4,0
15,3,1,0,10,150,42,10,8400,64,0,0,1,-1
15,3,1,0,10,150,42,10,8600,64,0,0,8,0
15,3,1,0,10,150,42,10,8800,64,0,0,4,0
15,3,1,0,10,150,42,10,9000,64,0,0,8,0
15,3,1,0,10,150,42,10,9200,64,0,0,4,0
15,3,1,0,10,150,42,10,9400,64,0,0,9,0
15,3,1,0,10,150,42,10,9600,64,0,0,8,0
15,3,1,0,10,150,42,10,9800,64,0,0,3,0
15,3,1,0,10,150,42,10,10000,64,0,0,8,0
15,3,1,0,10,150,42,10,10200,64,1,0,84,1
15,3,1,0,10,150,42,10,10400,64,0,0,4,0
15,3,1,0,10,150,42,10,10600,64,0,0,8,0
15,3,1,0,10,150,42,10,10800,64,0,0,0,0
15,3,1,0,10,150,42,10,11000,64,0,0,7,0
15,3,1,0,10,150,42,10,11200,64,0,0,6,0
15,3,1,0,10,150,42,10,11400,64,0,0,7,0
15,3,1,0,10,150,42,10,11600,64,0,0,4,0
15,3,1,0,10,150,42,10,11800,64,0,0,5,0
15,3,1,0,10,150,42,10,12000,64,0,0,5,0
15,3,1,0,10,150,42,10,12200,64,0,0,8,0
15,3,1,0,10,150,42,10,12400,64,0,0,1,0
15,3,1,0,10,150,42,10,12600,64,0,0,6,0
15,3,1,0,10,150,42,10,12800,64,0,0,6,0
16,4,1,1,6,5150,6,22,0,64,32571,31927,32597,1
16,4,1,1,6,5150,6,22,200,64,32580,32564,32600,0
16,4,1,1,6,5150,6,22,400,64,32581,32562,32598,2
16,4,1,1,6,5150,6,22,600,64,32581,32565,32597,2
16,4,1,1,6,5150,6,22,800,64,32579,32558,32596,-1
16,4,1,1,6,5150,6,22,1000,64,32579,32567,32596,0
16,4,1,1,6,5150,6,22,1200,64,32578,32565,32594,0
16,4,1,1,6,5150,6,22,1400,64,32579,32566,32594,-1
16,4,1,1,6,5150,6,22,1600,64,32579,32561,32592,0
16,4,1,1,6,5150,6,22,1800,64,32576,32558,32592,-2
16,4,1,1,6,5150,6,22,2000,64,32578,32558,32594,1
16,4,1,1,6,5150,6,22,2200,64,32576,32565,32597,-2
16,4,1,1,6,5150,6,22,2400,64,32578,32563,32593,1
16,4,1,1,6,5150,6,22,2600,64,32576,32560,32593,0
16,4,1,1,6,5150,6,22,2800,64,32577,32562,32594,1
16,4,1,1,6,5150,6,22,3000,64,32577,32566,32595,0
16,4,1,1,6,5150,6,22,3200,64,32576,32563,32590,0
16,4,1,1,6,5150,6,22,3400,64,32576,32563,32592,0
16,4,1,1,6,5150,6,22,3600,64,32576,32559,32587,0
16,4,1,1,6,5150,6,22,3800,64,32576,32554,32591,1
16,4,1,1,6,5150,6,22,4000,64,32577,32563,32590,1
16,4,1,1,6,5150,6,22,4200,64,32576,32560,32592,0
16,4,1,1,6,5150,6,22,4400,64,32576,32563,32587,-1
16,4,1,1,6,5150,6,22,4600,64,32576,32566,32590,-1
16,4,1,1,6,5150,6,22,4800,64,32577,32509,32593,1
16,4,1,1,6,5150,6,22,5000,64,32576,32557,32588,0
16,4,1,1,6,5150,6,22,5200,64,32576,32561,32594,0
16,4,1,1,6,5150,6,22,5400,64,32576,32563,32594,-1
16,4,1,1,6,5150,6,22,5600,64,32577,32559,32594,1
16,4,1,1,6,5150,6,22,5800,64,32578,32565,32594,2
16,4,1,1,6,5150,6,22,6000,64,32576,32564,32588,-2
16,4,1,1,6,5150,6,22,6200,64,32577,32566,32592,0
16,4,1,1,6,5150,6,22,6400,64,32577,32562,32594,-2
16,4,1,1,6,5150,6,22,6600,64,32577,32559,32592,1
16,4,1,1,6,5150,6,22,6800,64,32577,32566,32596,-1
16,4,1,1,6,5150,6,22,7000,64,32579,32569,32597,1
16,4,1,1,6,5150,6,22,7200,64,32580,32566,32595,3
16,4,1,1,6,5150,6,22,7400,64,32579,32565,32596,0
16,4,1,1,6,5150,6,22,7600,64,32578,32512,32596,-1
16,4,1,1,6,5150,6,22,7800,64,32581,32564,32600,3
16,4,1,1,6,5150,6,22,8000,64,32580,32567,32598,1
16,4,1,1,6,5150,6,22,8200,64,32581,32568,32596,2
16,4,1,1,6,5150,6,22,8400,64,32581,32566,32597,1
16,4,1,1,6,5150,6,22,8600,64,32580,32564,32596,1
16,4,1,1,6,5150,6,22,8800,64,32581,32559,32599,1
16,4,1,1,6,5150,6,22,9000,64,32580,32565,32596,1
16,4,1,1,6,5150,6,22,9200,64,32581,32564,32595,1
16,4,1,1,6,5150,6,22,9400,64,32581,32569,32598,1
16,4,1,1,6,5150,6,22,9600,64,32578,32511,32593,-4
16,4,1,1,6,5150,6,22,9800,64,32582,32564,32595,-1
16,4,1,1,6,5150,6,22,10000,64,32582,32570,32600,0
16,4,1,1,6,5150,6,22,10200,64,32582,32568,32598,0
16,4,1,1,6,5150,6,22,10400,64,32580,32565,32596,-2
16,4,1,1,6,5150,6,22,10600,64,32581,32571,32597,0
16,4,1,1,6,5150,6,22,10800,64,32583,32571,32595,1
16,4,1,1,6,5150,6,22,11000,64,32580,32563,32595,-1
16,4,1,1,6,5150,6,22,11200,64,32583,32568,32598,3
16,4,1,1,6,5150,6,22,11400,64,32582,32567,32597,1
16,4,1,1,6,5150,6,22,11600,64,32581,32567,32600,-1
16,4,1,1,6,5150,6,22,11800,64,32583,32572,32597,2
16,4,1,1,6,5150,6,22,12000,64,32582,32567,32596,0
16,4,1,1,6,5150,6,22,12200,64,32583,32569,32599,1
16,4,1,1,6,5150,6,22,12400,64,32583,32571,32601,1
16,4,1,1,6,5150,6,22,12600,64,32585,32571,32599,3
16,4,1,1,6,5150,6,22,12800,64,32583,32572,32598,2
17,4,1,1,6,5150,22,6,0,64,32571,31919,32600,1
17,4,1,1,6,5150,22,6,200,64,32581,32566,32596,1
17,4,1,1,6,5150,22,6,400,64,32581,32566,32598,2
17,4,1,1,6,5150,22,6,600,64,32580,32567,32596,1
17,4,1,1,6,5150,22,6,800,64,32580,32568,32600,0
17,4,1,1,6,5150,22,6,1000,64,32578,32565,32589,-1
17,4,1,1,6,5150,22,6,1200,64,32579,32565,32592,1
17,4,1,1,6,5150,22,6,1400,64,32579,32562,32601,-1
17,4,1,1,6,5150,22,6,1600,64,32578,32559,32593,-1
17,4,1,1,6,5150,22,6,1800,64,32578,32555,32601,0
17,4,1,1,6,5150,22,6,2000,64,32577,32566,32594,0
17,4,1,1,6,5150,22,6,2200,64,32576,32563,32592,-2
17,4,1,1,6,5150,22,6,2400,64,32576,32560,32590,-1
17,4,1,1,6,5150,22,6,2600,64,32577,32562,32592,1
17,4,1,1,6,5150,22,6,2800,64,32577,32563,32590,1
17,4,1,1,6,5150,22,6,3000,64,32576,32561,32594,-1
17,4,1,1,6,5150,22,6,3200,64,32578,32565,32598,2
17,4,1,1,6,5150,22,6,3400,64,32576,32563,32592,0
17,4,1,1,6,5150,22,6,3600,64,32576,32563,32591,0
17,4,1,1,6,5150,22,6,3800,64,32576,32561,32592,1
17,4,1,1,6,5150,22,6,4000,64,32576,32565,32594,0
17,4,1,1,6,5150,22,6,4200,64,32576,32563,32590,0
17,4,1,1,6,5150,22,6,4400,64,32577,32562,32590,0
17,4,1,1,6,5150,22,6,4600,64,32576,32564,32590,-1
17,4,1,1,6,5150,22,6,4800,64,32577,32564,32588,1
17,4,1,1,6,5150,22,6,5000,64,32577,32564,32594,1
17,4,1,1,6,5150,22,6,5200,64,32575,32561,32590,-1
17,4,1,1,6,5150,22,6,5400,64,32577,32564,32593,0
17,4,1,1,6,5150,22,6,5600,64,32577,32563,32592,1
17,4,1,1,6,5150,22,6,5800,64,32576,32565,32588,0
17,4,1,1,6,5150,22,6,6000,64,32577,32565,32589,-1
17,4,1,1,6,5150,22,6,6200,64,32577,32560,32600,0
17,4,1,1,6,5150,22,6,6400,64,32579,32567,32592,0
17,4,1,1,6,5150,22,6,6600,64,32578,32561,32594,2
17,4,1,1,6,5150,22,6,6800,64,32577,32562,32597,-1
17,4,1,1,6,5150,22,6,7000,64,32577,32565,32588,-1
17,4,1,1,6,5150,22,6,7200,64,32578,32564,32599,1
17,4,1,1,6,5150,22,6,7400,64,32579,32565,32597,0
17,4,1,1,6,5150,22,6,7600,64,32579,32568,32594,0
17,4,1,1,6,5150,22,6,7800,64,32579,32562,32594,1
17,4,1,1,6,5150,22,6,8000,64,32580,32564,32599,1
17,4,1,1,6,5150,22,6,8200,64,32580,32567,32596,1
17,4,1,1,6,5150,22,6,8400,64,32579,32507,32600,-1
17,4,1,1,6,5150,22,6,8600,64,32579,32511,32598,0
17,4,1,1,6,5150,22,6,8800,64,32581,32567,32593,1
17,4,1,1,6,5150,22,6,9000,64,32580,32569,32596,1
17,4,1,1,6,5150,22,6,9200,64,32581,32569,32596,1
17,4,1,1,6,5150,22,6,9400,64,32582,32570,32602,2
17,4,1,1,6,5150,22,6,9600,64,32580,32528,32598,-2
17,4,1,1,6,5150,22,6,9800,64,32581,32567,32600,-2
17,4,1,1,6,5150,22,6,10000,64,32581,32567,32595,-1
17,4,1,1,6,5150,22,6,10200,64,32583,32571,32600,1
17,4,1,1,6,5150,22,6,10400,64,32583,32565,32597,1
17,4,1,1,6,5150,22,6,10600,64,32583,32571,32600,2
17,4,1,1,6,5150,22,6,10800,64,32583,32568,32600,1
17,4,1,1,6,5150,22,6,11000,64,32582,32564,32595,1
17,4,1,1,6,5150,22,6,11200,64,32584,32571,32599,4
17,4,1,1,6,5150,22,6,11400,64,32584,32572,32602,3
17,4,1,1,6,5150,22,6,11600,64,32586,32572,32601,4
17,4,1,1,6,5150,22,6,11800,64,32582,32568,32596,1
17,4,1,1,6,5150,22,6,12000,64,32583,32515,32602,1
17,4,1,1,6,5150,22,6,12200,64,32585,32575,32596,3
17,4,1,1,6,5150,22,6,12400,64,32584,32568,32600,2
17,4,1,1,6,5150,22,6,12600,64,32584,32569,32603,2
17,4,1,1,6,5150,22,6,12800,64,32585,32571,32598,4
18,4,1,1,3,150,3,19,0,64,0,0,0,0
18,4,1,1,3,150,3,19,200,64,0,0,0,0
18,4,1,1,3,150,3,19,400,64,0,0,1,0
18,4,1,1,3,150,3,19,600,64,0,0,1,0
18,4,1,1,3,150,3,19,800,64,0,0,1,0
18,4,1,1,3,150,3,19,1000,64,0,0,0,0
18,4,1,1,3,150,3,19,1200,64,0,0,0,0
18,4,1,1,3,150,3,19,1400,64,0,0,0,0
18,4,1,1,3,150,3,19,1600,64,0,0,0,0
18,4,1,1,3,150,3,19,1800,64,0,0,4,0
18,4,1,1,3,150,3,19,2000,64,0,0,0,0
18,4,1,1,3,150,3,19,2200,64,0,0,0,0
18,4,1,1,3,150,3,19,2400,64,0,0,0,0
18,4,1,1,3,150,3,19,2600,64,0,0,0,0
18,4,1,1,3,150,3,19,2800,64,0,0,1,0
18,4,1,1,3,150,3,19,3000,64,0,0,1,0
18,4,1,1,3,150,3,19,3200,64,0,0,0,0
18,4,1,1,3,150,3,19,3400,64,0,0,0,0
18,4,1,1,3,150,3,19,3600,64,0,0,0,0
18,4,1,1,3,150,3,19,3800,64,0,0,0,0
18,4,1,1,3,150,3,19,4000,64,0,0,0,0
18,4,1,1,3,150,3,19,4200,64,0,0,0,0
18,4,1,1,3,150,3,19,4400,64,0,0,0,0
18,4,1,1,3,150,3,19,4600,64,0,0,0,0
18,4,1,1,3,150,3,19,4800,64,0,0,0,0
18,4,1,1,3,150,3,19,5000,64,0,0,0,0
18,4,1,1,3,150,3,19,5200,64,0,0,0,0
18,4,1,1,3,150,3,19,5400,64,0,0,23,0
18,4,1,1,3,150,3,19,5600,64,0,0,0,0
18,4,1,1,3,150,3,19,5800,64,0,0,0,0
18,4,1,1,3,150,3,19,6000,64,0,0,0,0
18,4,1,1,3,150,3,19,6200,64,0,0,2,0
18,4,1,1,3,150,3,19,6400,64,0,0,0,0
18,4,1,1,3,150,3,19,6600,64,0,0,0,0
18,4,1,1,3,150,3,19,6800,64,0,0,0,0
18,4,1,1,3,150,3,19,7000,64,0,0,0,0
18,4,1,1,3,150,3,19,7200,64,0,0,0,0
18,4,1,1,3,150,3,19,7400,64,0,0,0,0
18,4,1,1,3,150,3,19,7600,64,0,0,0,0
18,4,1,1,3,150,3,19,7800,64,0,0,1,0
18,4,1,1,3,150,3,19,8000,64,0,0,0,0
18,4,1,1,3,150,3,19,8200,64,0,0,0,0
18,4,1,1,3,150,3,19,8400,64,0,0,0,0
18,4,1,1,3,150,3,19,8600,64,0,0,0,0
18,4,1,1,3,150,3,19,8800,64,0,0,0,0
18,4,1,1,3,150,3,19,9000,64,0,0,2,0
18,4,1,1,3,150,3,19,9200,64,0,0,0,0
18,4,1,1,3,150,3,19,9400,64,0,0,0,0
18,4,1,1,3,150,3,19,9600,64,0,0,0,0
18,4,1,1,3,150,3,19,9800,64,0,0,40,0
18,4,1,1,3,150,3,19,10000,64,0,0,0,0
18,4,1,1,3,150,3,19,10200,64,0,0,0,0
18,4,1,1,3,150,3,19,10400,64,0,0,0,0
18,4,1,1,3,150,3,19,10600,64,0,0,0,0
18,4,1,1,3,150,3,19,10800,64,0,0,0,0
18,4,1,1,3,150,3,19,11000,64,0,0,1,0
18,4,1,1,3,150,3,19,11200,64,0,0,1,0
18,4,1,1,3,150,3,19,11400,64,0,0,0,0
18,4,1,1,3,150,3,19,11600,64,0,0,0,0
18,4,1,1,3,150,3,19,11800,64,0,0,1,0
18,4,1,1,3,150,3,19,12000,64,0,0,0,0
18,4,1,1,3,150,3,19,12200,64,0,0,0,0
18,4,1,1,3,150,3,19,12400,64,0,0,0,0
18,4,1,1,3,150,3,19,12600,64,0,0,0,0
18,4,1,1,3,150,3,19,12800,64,0,0,0,0
19,4,1,1,3,150,19,3,0,64,0,0,0,0
19,4,1,1,3,150,19,3,200,64,0,0,0,0
19,4,1,1,3,150,19,3,400,64,0,0,4,0
19,4,1,1,3,150,19,3,600,64,0,0,2,0
19,4,1,1,3,150,19,3,800,64,0,0,1,0
19,4,1,1,3,150,19,3,1000,64,0,0,0,0
19,4,1,1,3,150,19,3,1200,64,0,0,0,0
19,4,1,1,3,150,19,3,1400,64,0,0,2,0
19,4,1,1,3,150,19,3,1600,64,0,0,0,0
19,4,1,1,3,150,19,3,1800,64,0,0,0,0
19,4,1,1,3,150,19,3,2000,64,0,0,1,0
19,4,1,1,3,150,19,3,2200,64,0,0,0,0
19,4,1,1,3,150,19,3,2400,64,0,0,0,0
19,4,1,1,3,150,19,3,2600,64,0,0,1,0
19,4,1,1,3,150,19,3,2800,64,0,0,0,0
19,4,1,1,3,150,19,3,3000,64,0,0,0,0
19,4,1,1,3,150,19,3,3200,64,0,0,0,0
19,4,1,1,3,150,19,3,3400,64,0,0,0,0
19,4,1,1,3,150,19,3,3600,64,0,0,1,0
19,4,1,1,3,150,19,3,3800,64,0,0,0,0
19,4,1,1,3,150,19,3,4000,64,0,0,0,0
19,4,1,1,3,150,19,3,4200,64,0,0,0,0
19,4,1,1,3,150,19,3,4400,64,0,0,0,0
19,4,1,1,3,150,19,3,4600,64,0,0,0,0
19,4,1,1,3,150,19,3,4800,64,0,0,1,0
19,4,1,1,3,150,19,3,5000,64,0,0,0,0
19,4,1,1,3,150,19,3,5200,64,0,0,1,0
19,4,1,1,3,150,19,3,5400,64,0,0,4,0
19,4,1,1,3,150,19,3,5600,64,0,0,3,0
19,4,1,1,3,150,19,3,5800,64,0,0,0,0
19,4,1,1,3,150,19,3,6000,64,0,0,0,0
19,4,1,1,3,150,19,3,6200,64,0,0,0,0
19,4,1,1,3,150,19,3,6400,64,0,0,0,0
19,4,1,1,3,150,19,3,6600,64,0,0,1,0
19,4,1,1,3,150,19,3,6800,64,0,0,0,0
19,4,1,1,3,150,19,3,7000,64,0,0,0,0
19,4,1,1,3,150,19,3,7200,64,0,0,0,0
19,4,1,1,3,150,19,3,7400,64,0,0,0,0
19,4,1,1,3,150,19,3,7600,64,0,0,0,0
19,4,1,1,3,150,19,3,7800,64,0,0,0,0
19,4,1,1,3,150,19,3,8000,64,0,0,0,0
19,4,1,1,3,150,19,3,8200,64,0,0,1,0
19,4,1,1,3,150,19,3,8400,64,0,0,3,0
19,4,1,1,3,150,19,3,8600,64,0,0,0,0
19,4,1,1,3,150,19,3,8800,64,0,0,1,0
19,4,1,1,3,150,19,3,9000,64,0,0,2,0
19,4,1,1,3,150,19,3,9200,64,0,0,0,0
19,4,1,1,3,150,19,3,9400,64,0,0,0,0
19,4,1,1,3,150,19,3,9600,64,0,0,0,0
19,4,1,1,3,150,19,3,9800,64,0,0,2,0
19,4,1,1,3,150,19,3,10000,64,0,0,0,0
19,4,1,1,3,150,19,3,10200,64,0,0,0,0
19,4,1,1,3,150,19,3,10400,64,0,0,0,0
19,4,1,1,3,150,19,3,10600,64,0,0,0,0
19,4,1,1,3,150,19,3,10800,64,0,0,1,0
19,4,1,1,3,150,19,3,11000,64,0,0,9,0
19,4,1,1,3,150,19,3,11200,64,0,0,0,0
19,4,1,1,3,150,19,3,11400,64,0,0,1,0
19,4,1,1,3,150,19,3,11600,64,0,0,0,0
19,4,1,1,3,150,19,3,11800,64,0,0,1,0
19,4,1,1,3,150,19,3,12000,64,0,0,0,0
19,4,1,1,3,150,19,3,12200,64,0,0,1,0
19,4,1,1,3,150,19,3,12400,64,0,0,2,0
19,4,1,1,3,150,19,3,12600,64,0,0,4,0
19,4,1,1,3,150,19,3,12800,64,0,0,2,0
20,5,1,1,6,5150,22,30,0,64,32571,31916,32596,1
20,5,1,1,6,5150,22,30,200,64,32580,32566,32593,0
20,5,1,1,6,5150,22,30,400,64,32579,32560,32597,0
20,5,1,1,6,5150,22,30,600,64,32579,32565,32590,0
20,5,1,1,6,5150,22,30,800,64,32579,32555,32594,-1
20,5,1,1,6,5150,22,30,1000,64,32580,32567,32595,1
20,5,1,1,6,5150,22,30,1200,64,32579,32565,32595,1
20,5,1,1,6,5150,22,30,1400,64,32579,32565,32600,-1
20,5,1,1,6,5150,22,30,1600,64,32578,32566,32598,-1
20,5,1,1,6,5150,22,30,1800,64,32578,32564,32593,0
20,5,1,1,6,5150,22,30,2000,64,32576,32558,32591,-1
20,5,1,1,6,5150,22,30,2200,64,32577,32563,32591,-1
20,5,1,1,6,5150,22,30,2400,64,32577,32557,32594,0
20,5,1,1,6,5150,22,30,2600,64,32576,32561,32588,0
20,5,1,1,6,5150,22,30,2800,64,32577,32562,32592,1
20,5,1,1,6,5150,22,30,3000,64,32576,32564,32594,-1
20,5,1,1,6,5150,22,30,3200,64,32575,32561,32592,-1
20,5,1,1,6,5150,22,30,3400,64,32575,32559,32589,-1
20,5,1,1,6,5150,22,30,3600,64,32576,32563,32592,0
20,5,1,1,6,5150,22,30,3800,64,32575,32565,32592,0
20,5,1,1,6,5150,22,30,4000,64,32575,32559,32593,-1
20,5,1,1,6,5150,22,30,4200,64,32574,32515,32592,-2
20,5,1,1,6,5150,22,30,4400,64,32577,32565,32593,0
20,5,1,1,6,5150,22,30,4600,64,32577,32566,32594,0
20,5,1,1,6,5150,22,30,4800,64,32577,32564,32595,1
20,5,1,1,6,5150,22,30,5000,64,32577,32565,32591,1
20,5,1,1,6,5150,22,30,5200,64,32576,32560,32594,0
20,5,1,1,6,5150,22,30,5400,64,32576,32562,32590,-1
20,5,1,1,6,5150,22,30,5600,64,32577,32565,32599,1
20,5,1,1,6,5150,22,30,5800,64,32577,32560,32593,1
20,5,1,1,6,5150,22,30,6000,64,32577,32561,32596,-1
20,5,1,1,6,5150,22,30,6200,64,32578,32563,32596,1
20,5,1,1,6,5150,22,30,6400,64,32578,32565,32594,-1
20,5,1,1,6,5150,22,30,6600,64,32578,32563,32596,2
20,5,1,1,6,5150,22,30,6800,64,32578,32565,32597,0
20,5,1,1,6,5150,22,30,7000,64,32577,32565,32597,-1
20,5,1,1,6,5150,22,30,7200,64,32580,32566,32596,3
20,5,1,1,6,5150,22,30,7400,64,32580,32566,32596,1
20,5,1,1,6,5150,22,30,7600,64,32579,32566,32595,0
20,5,1,1,6,5150,22,30,7800,64,32579,32564,32596,1
20,5,1,1,6,5150,22,30,8000,64,32579,32566,32593,0
20,5,1,1,6,5150,22,30,8200,64,32579,32559,32596,0
20,5,1,1,6,5150,22,30,8400,64,32580,32567,32592,0
20,5,1,1,6,5150,22,30,8600,64,32579,32565,32595,0
20,5,1,1,6,5150,22,30,8800,64,32579,32565,32597,-1
20,5,1,1,6,5150,22,30,9000,64,32581,32566,32595,2
20,5,1,1,6,5150,22,30,9200,64,32581,32566,32602,1
20,5,1,1,6,5150,22,30,9400,64,32581,32566,32596,1
20,5,1,1,6,5150,22,30,9600,64,32582,32568,32598,0
20,5,1,1,6,5150,22,30,9800,64,32581,32565,32601,-2
20,5,1,1,6,5150,22,30,10000,64,32582,32567,32596,0
20,5,1,1,6,5150,22,30,10200,64,32581,32566,32594,-1
20,5,1,1,6,5150,22,30,10400,64,32582,32566,32597,0
20,5,1,1,6,5150,22,30,10600,64,32582,32564,32598,1
20,5,1,1,6,5150,22,30,10800,64,32582,32568,32597,0
20,5,1,1,6,5150,22,30,11000,64,32581,32568,32592,0
20,5,1,1,6,5150,22,30,11200,64,32580,32507,32600,0
20,5,1,1,6,5150,22,30,11400,64,32582,32567,32597,1
20,5,1,1,6,5150,22,30,11600,64,32581,32568,32596,-1
20,5,1,1,6,5150,22,30,11800,64,32583,32571,32599,2
20,5,1,1,6,5150,22,30,12000,64,32581,32564,32600,-1
20,5,1,1,6,5150,22,30,12200,64,32583,32569,32598,1
20,5,1,1,6,5150,22,30,12400,64,32581,32567,32591,-1
20,5,1,1,6,5150,22,30,12600,64,32584,32571,32596,2
20,5,1,1,6,5150,22,30,12800,64,32581,32569,32593,0
21,5,1,1,6,5150,30,22,0,64,32570,31917,32596,0
21,5,1,1,6,5150,30,22,200,64,32582,32561,32601,2
21,5,1,1,6,5150,30,22,400,64,32583,32568,32600,4
21,5,1,1,6,5150,30,22,600,64,32580,32563,32595,1
21,5,1,1,6,5150,30,22,800,64,32580,32566,32595,0
21,5,1,1,6,5150,30,22,1000,64,32579,32564,32596,0
21,5,1,1,6,5150,30,22,1200,64,32579,32565,32594,1
21,5,1,1,6,5150,30,22,1400,64,32579,32567,32596,-1
21,5,1,1,6,5150,30,22,1600,64,32578,32564,32596,-1
21,5,1,1,6,5150,30,22,1800,64,32578,32567,32597,0
21,5,1,1,6,5150,30,22,2000,64,32576,32560,32594,-1
21,5,1,1,6,5150,30,22,2200,64,32578,32565,32593,0
21,5,1,1,6,5150,30,22,2400,64,32577,32563,32589,0
21,5,1,1,6,5150,30,22,2600,64,32576,32561,32591,0
21,5,1,1,6,5150,30,22,2800,64,32577,32567,32592,1
21,5,1,1,6,5150,30,22,3000,64,32578,32568,32594,1
21,5,1,1,6,5150,30,22,3200,64,32577,32561,32593,1
21,5,1,1,6,5150,30,22,3400,64,32576,32560,32589,0
21,5,1,1,6,5150,30,22,3600,64,32577,32560,32594,1
21,5,1,1,6,5150,30,22,3800,64,32576,32561,32592,1
21,5,1,1,6,5150,30,22,4000,64,32577,32566,32592,1
21,5,1,1,6,5150,30,22,4200,64,32575,32563,32587,-1
21,5,1,1,6,5150,30,22,4400,64,32576,32563,32592,-1
21,5,1,1,6,5150,30,22,4600,64,32576,32562,32593,-1
21,5,1,1,6,5150,30,22,4800,64,32575,32560,32590,-1
21,5,1,1,6,5150,30,22,5000,64,32574,32559,32589,-2
21,5,1,1,6,5150,30,22,5200,64,32576,32561,32592,0
21,5,1,1,6,5150,30,22,5400,64,32579,32567,32592,2
21,5,1,1,6,5150,30,22,5600,64,32577,32561,32594,1
21,5,1,1,6,5150,30,22,5800,64,32576,32563,32592,0
21,5,1,1,6,5150,30,22,6000,64,32577,32563,32589,-1
21,5,1,1,6,5150,30,22,6200,64,32578,32564,32595,1
21,5,1,1,6,5150,30,22,6400,64,32578,32567,32595,-1
21,5,1,1,6,5150,30,22,6600,64,32579,32566,32600,3
21,5,1,1,6,5150,30,22,6800,64,32579,32562,32597,1
21,5,1,1,6,5150,30,22,7000,64,32579,32564,32596,1
21,5,1,1,6,5150,30,22,7200,64,32579,32565,32597,2
21,5,1,1,6,5150,30,22,7400,64,32578,32566,32595,-1
21,5,1,1,6,5150,30,22,7600,64,32578,32562,32592,-1
21,5,1,1,6,5150,30,22,7800,64,32578,32563,32592,0
21,5,1,1,6,5150,30,22,8000,64,32579,32567,32597,0
21,5,1,1,6,5150,30,22,8200,64,32580,32565,32597,1
21,5,1,1,6,5150,30,22,8400,64,32579,32567,32593,-1
21,5,1,1,6,5150,30,22,8600,64,32580,32567,32598,1
21,5,1,1,6,5150,30,22,8800,64,32581,32567,32600,1
21,5,1,1,6,5150,30,22,9000,64,32581,32566,32600,2
21,5,1,1,6,5150,30,22,9200,64,32580,32570,32596,0
21,5,1,1,6,5150,30,22,9400,64,32581,32563,32599,1
21,5,1,1,6,5150,30,22,9600,64,32581,32566,32598,-1
21,5,1,1,6,5150,30,22,9800,64,32583,32568,32598,0
21,5,1,1,6,5150,30,22,10000,64,32581,32544,32602,-1
21,5,1,1,6,5150,30,22,10200,64,32581,32565,32596,-1
21,5,1,1,6,5150,30,22,10400,64,32581,32567,32597,-1
21,5,1,1,6,5150,30,22,10600,64,32582,32569,32597,1
21,5,1,1,6,5150,30,22,10800,64,32583,32571,32596,1
21,5,1,1,6,5150,30,22,11000,64,32583,32571,32596,2
21,5,1,1,6,5150,30,22,11200,64,32583,32569,32597,3
21,5,1,1,6,5150,30,22,11400,64,32581,32534,32599,0
21,5,1,1,6,5150,30,22,11600,64,32582,32570,32602,0
21,5,1,1,6,5150,30,22,11800,64,32582,32570,32598,1
21,5,1,1,6,5150,30,22,12000,64,32582,32570,32596,0
21,5,1,1,6,5150,30,22,12200,64,32583,32571,32600,1
21,5,1,1,6,5150,30,22,12400,64,32582,32566,32596,0
21,5,1,1,6,5150,30,22,12600,64,32583,32570,32594,1
21,5,1,1,6,5150,30,22,12800,64,32581,32569,32597,0
22,5,1,1,3,150,19,27,0,64,0,0,4,0
22,5,1,1,3,150,19,27,200,64,0,0,1,0
22,5,1,1,3,150,19,27,400,64,0,0,0,0
22,5,1,1,3,150,19,27,600,64,0,0,0,0
22,5,1,1,3,150,19,27,800,64,0,0,4,0
22,5,1,1,3,150,19,27,1000,64,0,0,0,0
22,5,1,1,3,150,19,27,1200,64,0,0,36,0
22,5,1,1,3,150,19,27,1400,64,0,0,0,0
22,5,1,1,3,150,19,27,1600,64,0,0,0,0
22,5,1,1,3,150,19,27,1800,64,0,0,0,0
22,5,1,1,3,150,19,27,2000,64,0,0,0,0
22,5,1,1,3,150,19,27,2200,64,0,0,0,0
22,5,1,1,3,150,19,27,2400,64,0,0,0,0
22,5,1,1,3,150,19,27,2600,64,0,0,0,0
22,5,1,1,3,150,19,27,2800,64,0,0,0,0
22,5,1,1,3,150,19,27,3000,64,0,0,1,0
22,5,1,1,3,150,19,27,3200,64,0,0,2,0
22,5,1,1,3,150,19,27,3400,64,0,0,0,0
22,5,1,1,3,150,19,27,3600,64,0,0,0,0
22,5,1,1,3,150,19,27,3800,64,0,0,8,0
22,5,1,1,3,150,19,27,4000,64,0,0,0,0
22,5,1,1,3,150,19,27,4200,64,0,0,0,0
22,5,1,1,3,150,19,27,4400,64,0,0,0,0
22,5,1,1,3,150,19,27,4600,64,0,0,0,0
22,5,1,1,3,150,19,27,4800,64,0,0,0,0
22,5,1,1,3,150,19,27,5000,64,0,0,0,0
22,5,1,1,3,150,19,27,5200,64,0,0,0,0
22,5,1,1,3,150,19,27,5400,64,0,0,0,0
22,5,1,1,3,150,19,27,5600,64,0,0,0,0
22,5,1,1,3,150,19,27,5800,64,0,0,0,0
22,5,1,1,3,150,19,27,6000,64,0,0,0,0
22,5,1,1,3,150,19,27,6200,64,0,0,0,0
22,5,1,1,3,150,19,27,6400,64,0,0,0,0
22,5,1,1,3,150,19,27,6600,64,0,0,0,0
22,5,1,1,3,150,19,27,6800,64,0,0,0,0
22,5,1,1,3,150,19,27,7000,64,0,0,2,0
22,5,1,1,3,150,19,27,7200,64,0,0,0,0
22,5,1,1,3,150,19,27,7400,64,0,0,0,0
22,5,1,1,3,150,19,27,7600,64,0,0,0,0
22,5,1,1,3,150,19,27,7800,64,0,0,0,0
22,5,1,1,3,150,19,27,8000,64,0,0,0,0
22,5,1,1,3,150,19,27,8200,64,0,0,0,0
22,5,1,1,3,150,19,27,8400,64,0,0,0,0
22,5,1,1,3,150,19,27,8600,64,0,0,0,0
22,5,1,1,3,150,19,27,8800,64,0,0,0,0
22,5,1,1,3,150,19,27,9000,64,0,0,0,0
22,5,1,1,3,150,19,27,9200,64,0,0,0,0
22,5,1,1,3,150,19,27,9400,64,0,0,2,0
22,5,1,1,3,150,19,27,9600,64,0,0,0,0
22,5,1,1,3,150,19,27,9800,64,0,0,0,0
22,5,1,1,3,150,19,27,10000,64,0,0,0,0
22,5,1,1,3,150,19,27,10200,64,0,0,0,0
22,5,1,1,3,150,19,27,10400,64,0,0,0,0
22,5,1,1,3,150,19,27,10600,64,0,0,0,0
22,5,1,1,3,150,19,27,10800,64,0,0,1,0
22,5,1,1,3,150,19,27,11000,64,0,0,0,0
22,5,1,1,3,150,19,27,11200,64,0,0,0,0
22,5,1,1,3,150,19,27,11400,64,0,0,0,0
22,5,1,1,3,150,19,27,11600,64,0,0,0,0
22,5,1,1,3,150,19,27,11800,64,0,0,2,0
22,5,1,1,3,150,19,27,12000,64,0,0,1,0
22,5,1,1,3,150,19,27,12200,64,0,0,0,0
22,5,1,1,3,150,19,27,12400,64,0,0,0,0
22,5,1,1,3,150,19,27,12600,64,0,0,0,0
22,5,1,1,3,150,19,27,12800,64,0,0,2,0
23,5,1,1,3,150,27,19,0,64,0,0,4,0
23,5,1,1,3,150,27,19,200,64,0,0,4,0
23,5,1,1,3,150,27,19,400,64,0,0,4,0
23,5,1,1,3,150,27,19,600,64,0,0,0,0
23,5,1,1,3,150,27,19,800,64,0,0,3,0
23,5,1,1,3,150,27,19,1000,64,0,0,0,0
23,5,1,1,3,150,27,19,1200,64,0,0,1,0
23,5,1,1,3,150,27,19,1400,64,0,0,0,0
23,5,1,1,3,150,27,19,1600,64,0,0,0,0
23,5,1,1,3,150,27,19,1800,64,0,0,1,0
23,5,1,1,3,150,27,19,2000,64,0,0,2,0
23,5,1,1,3,150,27,19,2200,64,0,0,0,0
23,5,1,1,3,150,27,19,2400,64,0,0,50,0
23,5,1,1,3,150,27,19,2600,64,0,0,2,0
23,5,1,1,3,150,27,19,2800,64,0,0,8,0
23,5,1,1,3,150,27,19,3000,64,0,0,2,0
23,5,1,1,3,150,27,19,3200,64,0,0,2,0
23,5,1,1,3,150,27,19,3400,64,0,0,0,0
23,5,1,1,3,150,27,19,3600,64,0,0,0,0
23,5,1,1,3,150,27,19,3800,64,0,0,2,0
23,5,1,1,3,150,27,19,4000,64,0,0,1,0
23,5,1,1,3,150,27,19,4200,64,0,0,0,0
23,5,1,1,3,150,27,19,4400,64,0,0,1,0
23,5,1,1,3,150,27,19,4600,64,0,0,0,0
23,5,1,1,3,150,27,19,4800,64,0,0,2,0
23,5,1,1,3,150,27,19,5000,64,0,0,2,0
23,5,1,1,3,150,27,19,5200,64,0,0,0,0
23,5,1,1,3,150,27,19,5400,64,0,0,0,0
23,5,1,1,3,150,27,19,5600,64,0,0,0,0
23,5,1,1,3,150,27,19,5800,64,0,0,0,0
23,5,1,1,3,150,27,19,6000,64,0,0,0,0
23,5,1,1,3,150,27,19,6200,64,0,0,0,0
23,5,1,1,3,150,27,19,6400,64,0,0,0,0
23,5,1,1,3,150,27,19,6600,64,0,0,2,0
23,5,1,1,3,150,27,19,6800,64,0,0,0,0
23,5,1,1,3,150,27,19,7000,64,0,0,0,0
23,5,1,1,3,150,27,19,7200,64,0,0,2,0
23,5,1,1,3,150,27,19,7400,64,0,0,0,0
23,5,1,1,3,150,27,19,7600,64,0,0,0,0
23,5,1,1,3,150,27,19,7800,64,0,0,0,0
23,5,1,1,3,150,27,19,8000,64,0,0,1,0
23,5,1,1,3,150,27,19,8200,64,0,0,0,0
23,5,1,1,3,150,27,19,8400,64,0,0,1,0
23,5,1,1,3,150,27,19,8600,64,0,0,0,0
23,5,1,1,3,150,27,19,8800,64,0,0,1,0
23,5,1,1,3,150,27,19,9000,64,0,0,0,0
23,5,1,1,3,150,27,19,9200,64,0,0,2,0
23,5,1,1,3,150,27,19,9400,64,0,0,1,0
23,5,1,1,3,150,27,19,9600,64,0,0,1,0
23,5,1,1,3,150,27,19,9800,64,0,0,1,0
23,5,1,1,3,150,27,19,10000,64,0,0,0,0
23,5,1,1,3,150,27,19,10200,64,0,0,0,0
23,5,1,1,3,150,27,19,10400,64,0,0,0,0
23,5,1,1,3,150,27,19,10600,64,0,0,1,0
23,5,1,1,3,150,27,19,10800,64,0,0,0,0
23,5,1,1,3,150,27,19,11000,64,0,0,2,0
23,5,1,1,3,150,27,19,11200,64,0,0,0,0
23,5,1,1,3,150,27,19,11400,64,0,0,1,0
23,5,1,1,3,150,27,19,11600,64,0,0,2,0
23,5,1,1,3,150,27,19,11800,64,0,0,0,0
23,5,1,1,3,150,27,19,12000,64,0,0,0,0
23,5,1,1,3,150,27,19,12200,64,0,0,1,0
23,5,1,1,3,150,27,19,12400,64,0,0,0,0
23,5,1,1,3,150,27,19,12600,64,0,0,2,0
23,5,1,1,3,150,27,19,12800,64,0,0,2,0
28,7,1,0,8,5150,40,16360,0,64,32487,31665,32514,2
28,7,1,0,8,5150,40,16360,200,64,32496,32472,32515,-3
28,7,1,0,8,5150,40,16360,400,64,32497,32466,32517,-1
28,7,1,0,8,5150,40,16360,600,64,32495,32474,32515,-4
28,7,1,0,8,5150,40,16360,800,64,32496,32479,32508,-2
28,7,1,0,8,5150,40,16360,1000,64,32492,32478,32509,-6
28,7,1,0,8,5150,40,16360,1200,64,32490,32468,32512,-7
28,7,1,0,8,5150,40,16360,1400,64,32492,32469,32509,-3
28,7,1,0,8,5150,40,16360,1600,64,32491,32473,32511,-7
28,7,1,0,8,5150,40,16360,1800,64,32491,32478,32505,-7
28,7,1,0,8,5150,40,16360,2000,64,32486,32473,32509,-10
28,7,1,0,8,5150,40,16360,2200,64,32488,32467,32511,-8
28,7,1,0,8,5150,40,16360,2400,64,32489,32472,32507,-5
28,7,1,0,8,5150,40,16360,2600,64,32484,32458,32508,-11
28,7,1,0,8,5150,40,16360,2800,64,32486,32467,32508,-7
28,7,1,0,8,5150,40,16360,3000,64,32484,32468,32504,-11
28,7,1,0,8,5150,40,16360,3200,64,32487,32473,32504,-9
28,7,1,0,8,5150,40,16360,3400,64,32484,32463,32500,-11
28,7,1,0,8,5150,40,16360,3600,64,32482,32471,32506,-13
28,7,1,0,8,5150,40,16360,3800,64,32483,32458,32503,-13
28,7,1,0,8,5150,40,16360,4000,64,32483,32468,32511,-13
28,7,1,0,8,5150,40,16360,4200,64,32483,32459,32505,-12
28,7,1,0,8,5150,40,16360,4400,64,32486,32470,32503,-11
28,7,1,0,8,5150,40,16360,4600,64,32485,32462,32509,-10
28,7,1,0,8,5150,40,16360,4800,64,32486,32468,32511,-10
28,7,1,0,8,5150,40,16360,5000,64,32484,32455,32506,-12
28,7,1,0,8,5150,40,16360,5200,64,32487,32463,32500,-8
28,7,1,0,8,5150,40,16360,5400,64,32485,32472,32507,-11
28,7,1,0,8,5150,40,16360,5600,64,32487,32470,32502,-9
28,7,1,0,8,5150,40,16360,5800,64,32487,32469,32508,-7
28,7,1,0,8,5150,40,16360,6000,64,32486,32468,32506,-7
28,7,1,0,8,5150,40,16360,6200,64,32489,32459,32515,-7
28,7,1,0,8,5150,40,16360,6400,64,32490,32465,32512,-4
28,7,1,0,8,5150,40,16360,6600,64,32489,32468,32507,-6
28,7,1,0,8,5150,40,16360,6800,64,32494,32466,32529,0
28,7,1,0,8,5150,40,16360,7000,64,32495,32467,32527,-2
28,7,1,0,8,5150,40,16360,7200,64,32495,32470,32515,-2
28,7,1,0,8,5150,40,16360,7400,64,32496,32463,32515,-2
28,7,1,0,8,5150,40,16360,7600,64,32498,32467,32520,0
28,7,1,0,8,5150,40,16360,7800,64,32497,32462,32518,0
28,7,1,0,8,5150,40,16360,8000,64,32499,32467,32520,2
28,7,1,0,8,5150,40,16360,8200,64,32498,32470,32522,-2
28,7,1,0,8,5150,40,16360,8400,64,32502,32475,32538,4
28,7,1,0,8,5150,40,16360,8600,64,32496,32461,32521,-2
28,7,1,0,8,5150,40,16360,8800,64,32500,32474,32527,3
28,7,1,0,8,5150,40,16360,9000,64,32501,32474,32522,3
28,7,1,0,8,5150,40,16360,9200,64,32501,32474,32522,2
28,7,1,0,8,5150,40,16360,9400,64,32502,32470,32536,4
28,7,1,0,8,5150,40,16360,9600,64,32497,32317,32522,-2
28,7,1,0,8,5150,40,16360,9800,64,32502,32476,32528,3
28,7,1,0,8,5150,40,16360,10000,64,32506,32481,32535,7
28,7,1,0,8,5150,40,16360,10200,64,32505,32463,32533,6
28,7,1,0,8,5150,40,16360,10400,64,32505,32474,32530,5
28,7,1,0,8,5150,40,16360,10600,64,32507,32486,32532,7
28,7,1,0,8,5150,40,16360,10800,64,32504,32471,32535,4
28,7,1,0,8,5150,40,16360,11000,64,32505,32473,32536,5
28,7,1,0,8,5150,40,16360,11200,64,32505,32482,32533,5
28,7,1,0,8,5150,40,16360,11400,64,32507,32467,32533,6
28,7,1,0,8,5150,40,16360,11600,64,32507,32481,32528,5
28,7,1,0,8,5150,40,16360,11800,64,32508,32471,32543,8
28,7,1,0,8,5150,40,16360,12000,64,32505,32481,32530,6
28,7,1,0,8,5150,40,16360,12200,64,32505,32339,32531,6
28,7,1,0,8,5150,40,16360,12400,64,32506,32482,32529,5
28,7,1,0,8,5150,40,16360,12600,64,32509,32483,32541,8
28,7,1,0,8,5150,40,16360,12800,64,32508,32485,32532,6
29,7,1,0,8,5150,16360,40,0,64,32487,31656,32528,2
29,7,1,0,8,5150,16360,40,200,64,32501,32476,32527,2
29,7,1,0,8,5150,16360,40,400,64,32500,32467,32524,2
29,7,1,0,8,5150,16360,40,600,64,32501,32473,32522,2
29,7,1,0,8,5150,16360,40,800,64,32502,32471,32536,4
29,7,1,0,8,5150,16360,40,1000,64,32502,32472,32525,4
29,7,1,0,8,5150,16360,40,1200,64,32502,32477,32525,5
29,7,1,0,8,5150,16360,40,1400,64,32503,32472,32525,8
29,7,1,0,8,5150,16360,40,1600,64,32501,32473,32529,3
29,7,1,0,8,5150,16360,40,1800,64,32504,32476,32526,6
29,7,1,0,8,5150,16360,40,2000,64,32500,32473,32533,4
29,7,1,0,8,5150,16360,40,2200,64,32501,32475,32528,5
29,7,1,0,8,5150,16360,40,2400,64,32503,32475,32520,9
29,7,1,0,8,5150,16360,40,2600,64,32498,32377,32521,3
29,7,1,0,8,5150,16360,40,2800,64,32501,32469,32525,8
29,7,1,0,8,5150,16360,40,3000,64,32502,32474,32523,7
29,7,1,0,8,5150,16360,40,3200,64,32502,32477,32523,6
29,7,1,0,8,5150,16360,40,3400,64,32501,32477,32519,6
29,7,1,0,8,5150,16360,40,3600,64,32501,32469,32521,6
29,7,1,0,8,5150,16360,40,3800,64,32503,32473,32529,7
29,7,1,0,8,5150,16360,40,4000,64,32500,32471,32522,4
29,7,1,0,8,5150,16360,40,4200,64,32499,32374,32522,4
29,7,1,0,8,5150,16360,40,4400,64,32502,32476,32523,5
29,7,1,0,8,5150,16360,40,4600,64,32503,32474,32525,8
29,7,1,0,8,5150,16360,40,4800,64,32504,32475,32521,8
29,7,1,0,8,5150,16360,40,5000,64,32503,32471,32528,7
29,7,1,0,8,5150,16360,40,5200,64,32504,32465,32525,9
29,7,1,0,8,5150,16360,40,5400,64,32502,32480,32522,6
29,7,1,0,8,5150,16360,40,5600,64,32502,32481,32528,6
29,7,1,0,8,5150,16360,40,5800,64,32504,32465,32524,10
29,7,1,0,8,5150,16360,40,6000,64,32502,32476,32528,9
29,7,1,0,8,5150,16360,40,6200,64,32503,32475,32525,7
29,7,1,0,8,5150,16360,40,6400,64,32498,32326,32524,4
29,7,1,0,8,5150,16360,40,6600,64,32503,32474,32523,8
29,7,1,0,8,5150,16360,40,6800,64,32502,32471,32530,8
29,7,1,0,8,5150,16360,40,7000,64,32503,32479,32524,6
29,7,1,0,8,5150,16360,40,7200,64,32503,32470,32523,6
29,7,1,0,8,5150,16360,40,7400,64,32502,32479,32530,4
29,7,1,0,8,5150,16360,40,7600,64,32502,32473,32525,4
29,7,1,0,8,5150,16360,40,7800,64,32500,32471,32525,3
29,7,1,0,8,5150,16360,40,8000,64,32503,32473,32528,6
29,7,1,0,8,5150,16360,40,8200,64,32502,32470,32523,2
29,7,1,0,8,5150,16360,40,8400,64,32502,32476,32528,4
29,7,1,0,8,5150,16360,40,8600,64,32503,32472,32531,5
29,7,1,0,8,5150,16360,40,8800,64,32503,32469,32526,6
29,7,1,0,8,5150,16360,40,9000,64,32501,32473,32525,3
29,7,1,0,8,5150,16360,40,9200,64,32503,32475,32528,4
29,7,1,0,8,5150,16360,40,9400,64,32504,32481,32527,6
29,7,1,0,8,5150,16360,40,9600,64,32501,32471,32533,2
29,7,1,0,8,5150,16360,40,9800,64,32502,32469,32531,3
29,7,1,0,8,5150,16360,40,10000,64,32502,32473,32526,3
29,7,1,0,8,5150,16360,40,10200,64,32502,32472,32522,3
29,7,1,0,8,5150,16360,40,10400,64,32502,32475,32526,2
29,7,1,0,8,5150,16360,40,10600,64,32502,32474,32517,2
29,7,1,0,8,5150,16360,40,10800,64,32499,32393,32528,-1
29,7,1,0,8,5150,16360,40,11000,64,32500,32465,32527,0
29,7,1,0,8,5150,16360,40,11200,64,32499,32465,32531,-1
29,7,1,0,8,5150,16360,40,11400,64,32500,32470,32524,-1
29,7,1,0,8,5150,16360,40,11600,64,32503,32470,32523,1
29,7,1,0,8,5150,16360,40,11800,64,32502,32472,32524,2
29,7,1,0,8,5150,16360,40,12000,64,32500,32471,32519,1
29,7,1,0,8,5150,16360,40,12200,64,32499,32473,32527,0
29,7,1,0,8,5150,16360,40,12400,64,32500,32470,32520,-1
29,7,1,0,8,5150,16360,40,12600,64,32501,32472,32520,0
29,7,1,0,8,5150,16360,40,12800,64,32500,32472,32524,-2
30,7,1,1,6,5150,22,16342,0,64,32569,31923,32594,-1
30,7,1,1,6,5150,22,16342,200,64,32579,32563,32596,-1
30,7,1,1,6,5150,22,16342,400,64,32578,32562,32592,-1
30,7,1,1,6,5150,22,16342,600,64,32576,32560,32589,-3
30,7,1,1,6,5150,22,16342,800,64,32575,32562,32589,-5
30,7,1,1,6,5150,22,16342,1000,64,32576,32564,32591,-3
30,7,1,1,6,5150,22,16342,1200,64,32575,32561,32588,-3
30,7,1,1,6,5150,22,16342,1400,64,32573,32553,32588,-7
30,7,1,1,6,5150,22,16342,1600,64,32573,32557,32588,-6
30,7,1,1,6,5150,22,16342,1800,64,32573,32558,32588,-5
30,7,1,1,6,5150,22,16342,2000,64,32570,32555,32592,-7
30,7,1,1,6,5150,22,16342,2200,64,32571,32559,32586,-7
30,7,1,1,6,5150,22,16342,2400,64,32570,32557,32583,-7
30,7,1,1,6,5150,22,16342,2600,64,32570,32557,32584,-6
30,7,1,1,6,5150,22,16342,2800,64,32569,32549,32582,-7
30,7,1,1,6,5150,22,16342,3000,64,32569,32557,32585,-8
30,7,1,1,6,5150,22,16342,3200,64,32570,32555,32585,-6
30,7,1,1,6,5150,22,16342,3400,64,32569,32555,32588,-7
30,7,1,1,6,5150,22,16342,3600,64,32570,32553,32586,-6
30,7,1,1,6,5150,22,16342,3800,64,32569,32556,32587,-6
30,7,1,1,6,5150,22,16342,4000,64,32569,32558,32580,-7
30,7,1,1,6,5150,22,16342,4200,64,32568,32551,32585,-8
30,7,1,1,6,5150,22,16342,4400,64,32568,32557,32582,-9
30,7,1,1,6,5150,22,16342,4600,64,32569,32557,32590,-8
30,7,1,1,6,5150,22,16342,4800,64,32567,32544,32583,-9
30,7,1,1,6,5150,22,16342,5000,64,32570,32517,32586,-6
30,7,1,1,6,5150,22,16342,5200,64,32569,32557,32584,-7
30,7,1,1,6,5150,22,16342,5400,64,32570,32554,32586,-7
30,7,1,1,6,5150,22,16342,5600,64,32569,32555,32586,-7
30,7,1,1,6,5150,22,16342,5800,64,32571,32555,32588,-5
30,7,1,1,6,5150,22,16342,6000,64,32570,32555,32587,-8
30,7,1,1,6,5150,22,16342,6200,64,32573,32558,32590,-4
30,7,1,1,6,5150,22,16342,6400,64,32572,32556,32586,-7
30,7,1,1,6,5150,22,16342,6600,64,32574,32561,32589,-2
30,7,1,1,6,5150,22,16342,6800,64,32574,32539,32594,-4
30,7,1,1,6,5150,22,16342,7000,64,32574,32558,32591,-4
30,7,1,1,6,5150,22,16342,7200,64,32574,32560,32596,-3
30,7,1,1,6,5150,22,16342,7400,64,32575,32561,32591,-4
30,7,1,1,6,5150,22,16342,7600,64,32576,32559,32596,-3
30,7,1,1,6,5150,22,16342,7800,64,32579,32560,32604,1
30,7,1,1,6,5150,22,16342,8000,64,32579,32563,32597,0
30,7,1,1,6,5150,22,16342,8200,64,32580,32563,32598,1
30,7,1,1,6,5150,22,16342,8400,64,32581,32537,32606,1
30,7,1,1,6,5150,22,16342,8600,64,32582,32563,32601,3
30,7,1,1,6,5150,22,16342,8800,64,32585,32566,32600,5
30,7,1,1,6,5150,22,16342,9000,64,32583,32567,32602,4
30,7,1,1,6,5150,22,16342,9200,64,32585,32569,32605,5
30,7,1,1,6,5150,22,16342,9400,64,32588,32568,32603,8
30,7,1,1,6,5150,22,16342,9600,64,32588,32571,32604,6
30,7,1,1,6,5150,22,16342,9800,64,32586,32571,32604,3
30,7,1,1,6,5150,22,16342,10000,64,32588,32573,32605,6
30,7,1,1,6,5150,22,16342,10200,64,32589,32568,32612,7
30,7,1,1,6,5150,22,16342,10400,64,32591,32572,32611,9
30,7,1,1,6,5150,22,16342,10600,64,32594,32571,32610,13
30,7,1,1,6,5150,22,16342,10800,64,32591,32521,32607,9
30,7,1,1,6,5150,22,16342,11000,64,32594,32579,32608,13
30,7,1,1,6,5150,22,16342,11200,64,32592,32574,32609,12
30,7,1,1,6,5150,22,16342,11400,64,32595,32582,32609,14
30,7,1,1,6,5150,22,16342,11600,64,32596,32583,32608,14
30,7,1,1,6,5150,22,16342,11800,64,32595,32549,32609,14
30,7,1,1,6,5150,22,16342,12000,64,32595,32577,32611,13
30,7,1,1,6,5150,22,16342,12200,64,32596,32582,32612,14
30,7,1,1,6,5150,22,16342,12400,64,32597,32584,32612,15
30,7,1,1,6,5150,22,16342,12600,64,32594,32581,32608,12
30,7,1,1,6,5150,22,16342,12800,64,32595,32585,32612,14
31,7,1,1,6,5150,16342,22,0,64,32572,31923,32600,2
31,7,1,1,6,5150,16342,22,200,64,32583,32571,32599,3
31,7,1,1,6,5150,16342,22,400,64,32584,32573,32597,5
31,7,1,1,6,5150,16342,22,600,64,32582,32566,32600,3
31,7,1,1,6,5150,16342,22,800,64,32582,32571,32597,2
31,7,1,1,6,5150,16342,22,1000,64,32581,32547,32600,2
31,7,1,1,6,5150,16342,22,1200,64,32584,32565,32603,6
31,7,1,1,6,5150,16342,22,1400,64,32583,32572,32601,3
31,7,1,1,6,5150,16342,22,1600,64,32583,32566,32600,4
31,7,1,1,6,5150,16342,22,1800,64,32583,32571,32599,5
31,7,1,1,6,5150,16342,22,2000,64,32582,32566,32601,5
31,7,1,1,6,5150,16342,22,2200,64,32584,32572,32598,6
31,7,1,1,6,5150,16342,22,2400,64,32584,32571,32598,7
31,7,1,1,6,5150,16342,22,2600,64,32583,32565,32596,7
31,7,1,1,6,5150,16342,22,2800,64,32584,32567,32600,8
31,7,1,1,6,5150,16342,22,3000,64,32584,32572,32600,7
31,7,1,1,6,5150,16342,22,3200,64,32585,32571,32600,9
31,7,1,1,6,5150,16342,22,3400,64,32585,32571,32598,9
31,7,1,1,6,5150,16342,22,3600,64,32585,32573,32598,9
31,7,1,1,6,5150,16342,22,3800,64,32587,32575,32598,12
31,7,1,1,6,5150,16342,22,4000,64,32586,32573,32602,10
31,7,1,1,6,5150,16342,22,4200,64,32584,32569,32600,8
31,7,1,1,6,5150,16342,22,4400,64,32586,32573,32599,9
31,7,1,1,6,5150,16342,22,4600,64,32585,32568,32598,8
31,7,1,1,6,5150,16342,22,4800,64,32584,32572,32598,8
31,7,1,1,6,5150,16342,22,5000,64,32585,32573,32596,9
31,7,1,1,6,5150,16342,22,5200,64,32584,32570,32600,8
31,7,1,1,6,5150,16342,22,5400,64,32587,32576,32600,10
31,7,1,1,6,5150,16342,22,5600,64,32587,32575,32603,11
31,7,1,1,6,5150,16342,22,5800,64,32586,32575,32601,10
31,7,1,1,6,5150,16342,22,6000,64,32585,32567,32600,7
31,7,1,1,6,5150,16342,22,6200,64,32585,32571,32598,8
31,7,1,1,6,5150,16342,22,6400,64,32586,32574,32600,7
31,7,1,1,6,5150,16342,22,6600,64,32588,32575,32604,12
31,7,1,1,6,5150,16342,22,6800,64,32586,32567,32600,8
31,7,1,1,6,5150,16342,22,7000,64,32583,32573,32594,5
31,7,1,1,6,5150,16342,22,7200,64,32584,32576,32596,7
31,7,1,1,6,5150,16342,22,7400,64,32584,32568,32599,5
31,7,1,1,6,5150,16342,22,7600,64,32586,32575,32597,7
31,7,1,1,6,5150,16342,22,7800,64,32586,32573,32602,8
31,7,1,1,6,5150,16342,22,8000,64,32584,32573,32603,5
31,7,1,1,6,5150,16342,22,8200,64,32585,32567,32603,6
31,7,1,1,6,5150,16342,22,8400,64,32584,32575,32600,4
31,7,1,1,6,5150,16342,22,8600,64,32585,32574,32599,6
31,7,1,1,6,5150,16342,22,8800,64,32585,32571,32598,5
31,7,1,1,6,5150,16342,22,9000,64,32585,32574,32600,6
31,7,1,1,6,5150,16342,22,9200,64,32585,32566,32598,5
31,7,1,1,6,5150,16342,22,9400,64,32585,32563,32600,5
31,7,1,1,6,5150,16342,22,9600,64,32584,32571,32598,2
31,7,1,1,6,5150,16342,22,9800,64,32584,32571,32597,1
31,7,1,1,6,5150,16342,22,10000,64,32584,32567,32603,2
31,7,1,1,6,5150,16342,22,10200,64,32583,32570,32597,1
31,7,1,1,6,5150,16342,22,10400,64,32583,32573,32599,1
31,7,1,1,6,5150,16342,22,10600,64,32585,32571,32597,4
31,7,1,1,6,5150,16342,22,10800,64,32586,32571,32600,4
31,7,1,1,6,5150,16342,22,11000,64,32585,32573,32599,4
31,7,1,1,6,5150,16342,22,11200,64,32583,32572,32598,3
31,7,1,1,6,5150,16342,22,11400,64,32583,32569,32599,2
31,7,1,1,6,5150,16342,22,11600,64,32586,32575,32597,4
31,7,1,1,6,5150,16342,22,11800,64,32584,32570,32603,3
31,7,1,1,6,5150,16342,22,12000,64,32583,32572,32596,1
31,7,1,1,6,5150,16342,22,12200,64,32583,32571,32595,1
31,7,1,1,6,5150,16342,22,12400,64,32584,32571,32597,2
31,7,1,1,6,5150,16342,22,12600,64,32583,32569,32600,1
31,7,1,1,6,5150,16342,22,12800,64,32582,32571,32596,1
32,7,1,0,9,650,41,16361,0,64,32753,32739,32769,-1
32,7,1,0,9,650,41,16361,200,64,32751,32729,32769,-6
32,7,1,0,9,650,41,16361,400,64,32752,32734,32766,-2
32,7,1,0,9,650,41,16361,600,64,32749,32737,32768,-4
32,7,1,0,9,650,41,16361,800,64,32751,32737,32768,-2
32,7,1,0,9,650,41,16361,1000,64,32748,32733,32779,-4
32,7,1,0,9,650,41,16361,1200,64,32748,32731,32768,-2
32,7,1,0,9,650,41,16361,1400,64,32750,32738,32766,1
32,7,1,0,9,650,41,16361,1600,64,32746,32734,32762,-7
32,7,1,0,9,650,41,16361,1800,64,32745,32732,32768,-7
32,7,1,0,9,650,41,16361,2000,64,32744,32723,32760,-7
32,7,1,0,9,650,41,16361,2200,64,32743,32722,32759,-8
32,7,1,0,9,650,41,16361,2400,64,32743,32730,32762,-7
32,7,1,0,9,650,41,16361,2600,64,32743,32725,32762,-7
32,7,1,0,9,650,41,16361,2800,64,32741,32725,32762,-10
32,7,1,0,9,650,41,16361,3000,64,32740,32727,32762,-11
32,7,1,0,9,650,41,16361,3200,64,32742,32729,32759,-8
32,7,1,0,9,650,41,16361,3400,64,32741,32723,32764,-10
32,7,1,0,9,650,41,16361,3600,64,32741,32727,32758,-10
32,7,1,0,9,650,41,16361,3800,64,32739,32624,32757,-11
32,7,1,0,9,650,41,16361,4000,64,32739,32726,32763,-12
32,7,1,0,9,650,41,16361,4200,64,32739,32725,32753,-11
32,7,1,0,9,650,41,16361,4400,64,32741,32725,32756,-9
32,7,1,0,9,650,41,16361,4600,64,32742,32718,32765,-8
32,7,1,0,9,650,41,16361,4800,64,32743,32724,32762,-7
32,7,1,0,9,650,41,16361,5000,64,32744,32725,32766,-6
32,7,1,0,9,650,41,16361,5200,64,32743,32727,32762,-11
32,7,1,0,9,650,41,16361,5400,64,32742,32719,32765,-11
32,7,1,0,9,650,41,16361,5600,64,32743,32714,32769,-10
32,7,1,0,9,650,41,16361,5800,64,32743,32729,32759,-8
32,7,1,0,9,650,41,16361,6000,64,32744,32724,32764,-9
32,7,1,0,9,650,41,16361,6200,64,32745,32728,32761,-6
32,7,1,0,9,650,41,16361,6400,64,32748,32733,32765,-5
32,7,1,0,9,650,41,16361,6600,64,32748,32727,32768,-3
32,7,1,0,9,650,41,16361,6800,64,32749,32729,32770,-5
32,7,1,0,9,650,41,16361,7000,64,32751,32732,32776,-3
32,7,1,0,9,650,41,16361,7200,64,32749,32728,32766,-6
32,7,1,0,9,650,41,16361,7400,64,32754,32704,32780,1
32,7,1,0,9,650,41,16361,7600,64,32754,32724,32784,1
32,7,1,0,9,650,41,16361,7800,64,32756,32732,32778,5
32,7,1,0,9,650,41,16361,8000,64,32755,32741,32776,1
32,7,1,0,9,650,41,16361,8200,64,32760,32732,32780,6
32,7,1,0,9,650,41,16361,8400,64,32759,32740,32785,3
32,7,1,0,9,650,41,16361,8600,64,32756,32739,32774,2
32,7,1,0,9,650,41,16361,8800,64,32757,32730,32778,0
32,7,1,0,9,650,41,16361,9000,64,32762,32743,32783,8
32,7,1,0,9,650,41,16361,9200,64,32760,32741,32789,4
32,7,1,0,9,650,41,16361,9400,64,32762,32744,32780,6
32,7,1,0,9,650,41,16361,9600,64,32764,32749,32784,7
32,7,1,0,9,650,41,16361,9800,64,32764,32742,32781,6
32,7,1,0,9,650,41,16361,10000,64,32765,32747,32788,8
32,7,1,0,9,650,41,16361,10200,64,32765,32739,32785,8
32,7,1,0,9,650,41,16361,10400,64,32767,32747,32786,11
32,7,1,0,9,650,41,16361,10600,64,32768,32746,32790,11
32,7,1,0,9,650,41,16361,10800,64,32767,32743,32787,8
32,7,1,0,9,650,41,16361,11000,64,32771,32752,32789,14
32,7,1,0,9,650,41,16361,11200,64,32769,32753,32789,12
32,7,1,0,9,650,41,16361,11400,64,32768,32751,32796,11
32,7,1,0,9,650,41,16361,11600,64,32769,32747,32781,11
32,7,1,0,9,650,41,16361,11800,64,32771,32749,32789,13
32,7,1,0,9,650,41,16361,12000,64,32771,32757,32792,13
32,7,1,0,9,650,41,16361,12200,64,32771,32753,32786,11
32,7,1,0,9,650,41,16361,12400,64,32770,32759,32785,11
32,7,1,0,9,650,41,16361,12600,64,32770,32751,32788,10
32,7,1,0,9,650,41,16361,12800,64,32771,32756,32796,13
33,7,1,0,9,650,16361,41,0,64,32754,32729,32773,0
33,7,1,0,9,650,16361,41,200,64,32755,32740,32770,-2
33,7,1,0,9,650,16361,41,400,64,32755,32744,32779,1
33,7,1,0,9,650,16361,41,600,64,32755,32734,32776,2
33,7,1,0,9,650,16361,41,800,64,32756,32741,32778,3
33,7,1,0,9,650,16361,41,1000,64,32756,32740,32780,4
33,7,1,0,9,650,16361,41,1200,64,32751,32604,32768,1
33,7,1,0,9,650,16361,41,1400,64,32756,32744,32773,7
33,7,1,0,9,650,16361,41,1600,64,32757,32740,32773,4
33,7,1,0,9,650,16361,41,1800,64,32758,32744,32784,6
33,7,1,0,9,650,16361,41,2000,64,32756,32738,32775,5
33,7,1,0,9,650,16361,41,2200,64,32758,32743,32776,7
33,7,1,0,9,650,16361,41,2400,64,32758,32740,32780,8
33,7,1,0,9,650,16361,41,2600,64,32758,32740,32777,8
33,7,1,0,9,650,16361,41,2800,64,32758,32742,32778,7
33,7,1,0,9,650,16361,41,3000,64,32758,32741,32772,7
33,7,1,0,9,650,16361,41,3200,64,32758,32743,32778,8
33,7,1,0,9,650,16361,41,3400,64,32758,32743,32780,7
33,7,1,0,9,650,16361,41,3600,64,32759,32729,32775,8
33,7,1,0,9,650,16361,41,3800,64,32760,32747,32781,10
33,7,1,0,9,650,16361,41,4000,64,32757,32745,32776,6
33,7,1,0,9,650,16361,41,4200,64,32759,32735,32773,9
33,7,1,0,9,650,16361,41,4400,64,32759,32743,32776,9
33,7,1,0,9,650,16361,41,4600,64,32758,32743,32774,8
33,7,1,0,9,650,16361,41,4800,64,32758,32744,32780,8
33,7,1,0,9,650,16361,41,5000,64,32760,32735,32782,10
33,7,1,0,9,650,16361,41,5200,64,32760,32744,32782,6
33,7,1,0,9,650,16361,41,5400,64,32759,32746,32773,6
33,7,1,0,9,650,16361,41,5600,64,32761,32743,32781,8
33,7,1,0,9,650,16361,41,5800,64,32762,32746,32791,11
33,7,1,0,9,650,16361,41,6000,64,32762,32749,32780,9
33,7,1,0,9,650,16361,41,6200,64,32761,32746,32788,10
33,7,1,0,9,650,16361,41,6400,64,32761,32742,32781,8
33,7,1,0,9,650,16361,41,6600,64,32760,32740,32778,9
33,7,1,0,9,650,16361,41,6800,64,32760,32740,32780,6
33,7,1,0,9,650,16361,41,7000,64,32760,32748,32779,6
33,7,1,0,9,650,16361,41,7200,64,32759,32743,32780,4
33,7,1,0,9,650,16361,41,7400,64,32761,32747,32780,8
33,7,1,0,9,650,16361,41,7600,64,32760,32746,32776,7
33,7,1,0,9,650,16361,41,7800,64,32760,32747,32777,9
33,7,1,0,9,650,16361,41,8000,64,32760,32746,32778,6
33,7,1,0,9,650,16361,41,8200,64,32761,32745,32778,7
33,7,1,0,9,650,16361,41,8400,64,32758,32713,32776,2
33,7,1,0,9,650,16361,41,8600,64,32760,32737,32782,6
33,7,1,0,9,650,16361,41,8800,64,32760,32737,32777,3
33,7,1,0,9,650,16361,41,9000,64,32760,32747,32776,6
33,7,1,0,9,650,16361,41,9200,64,32759,32749,32776,3
33,7,1,0,9,650,16361,41,9400,64,32761,32745,32779,5
33,7,1,0,9,650,16361,41,9600,64,32759,32739,32777,2
33,7,1,0,9,650,16361,41,9800,64,32760,32745,32781,2
33,7,1,0,9,650,16361,41,10000,64,32760,32747,32779,3
33,7,1,0,9,650,16361,41,10200,64,32760,32741,32776,3
33,7,1,0,9,650,16361,41,10400,64,32761,32748,32778,5
33,7,1,0,9,650,16361,41,10600,64,32760,32740,32784,3
33,7,1,0,9,650,16361,41,10800,64,32761,32743,32780,2
33,7,1,0,9,650,16361,41,11000,64,32759,32743,32786,2
33,7,1,0,9,650,16361,41,11200,64,32760,32746,32777,3
33,7,1,0,9,650,16361,41,11400,64,32761,32744,32780,4
33,7,1,0,9,650,16361,41,11600,64,32760,32746,32782,2
33,7,1,0,9,650,16361,41,11800,64,32760,32743,32776,2
33,7,1,0,9,650,16361,41,12000,64,32760,32742,32777,2
33,7,1,0,9,650,16361,41,12200,64,32760,32749,32776,0
33,7,1,0,9,650,16361,41,12400,64,32760,32744,32777,1
33,7,1,0,9,650,16361,41,12600,64,32761,32742,32781,1
33,7,1,0,9,650,16361,41,12800,64,32759,32745,32788,1
34,7,1,0,10,150,42,16362,0,64,0,0,8,0
34,7,1,0,10,150,42,16362,200,64,0,0,8,0
34,7,1,0,10,150,42,16362,400,64,0,0,5,0
34,7,1,0,10,150,42,16362,600,64,0,0,8,0
34,7,1,0,10,150,42,16362,800,64,0,0,5,0
34,7,1,0,10,150,42,16362,1000,64,0,0,0,0
34,7,1,0,10,150,42,16362,1200,64,0,0,4,0
34,7,1,0,10,150,42,16362,1400,64,0,0,4,0
34,7,1,0,10,150,42,16362,1600,64,0,0,6,0
34,7,1,0,10,150,42,16362,1800,64,0,0,4,0
34,7,1,0,10,150,42,16362,2000,64,0,0,7,0
34,7,1,0,10,150,42,16362,2200,64,0,0,5,0
34,7,1,0,10,150,42,16362,2400,64,0,0,2,0
34,7,1,0,10,150,42,16362,2600,64,0,0,2,0
34,7,1,0,10,150,42,16362,2800,64,0,0,2,0
34,7,1,0,10,150,42,16362,3000,64,0,0,2,0
34,7,1,0,10,150,42,16362,3200,64,0,0,6,-1
34,7,1,0,10,150,42,16362,3400,64,0,0,6,0
34,7,1,0,10,150,42,16362,3600,64,0,0,2,0
34,7,1,0,10,150,42,16362,3800,64,0,0,2,0
34,7,1,0,10,150,42,16362,4000,64,0,0,3,0
34,7,1,0,10,150,42,16362,4200,64,0,0,2,0
34,7,1,0,10,150,42,16362,4400,64,0,0,8,0
34,7,1,0,10,150,42,16362,4600,64,0,0,4,0
34,7,1,0,10,150,42,16362,4800,64,0,0,4,0
34,7,1,0,10,150,42,16362,5000,64,0,0,8,0
34,7,1,0,10,150,42,16362,5200,64,0,0,4,0
34,7,1,0,10,150,42,16362,5400,64,0,0,4,0
34,7,1,0,10,150,42,16362,5600,64,0,0,2,0
34,7,1,0,10,150,42,16362,5800,64,0,0,4,0
34,7,1,0,10,150,42,16362,6000,64,0,0,2,0
34,7,1,0,10,150,42,16362,6200,64,0,0,2,0
34,7,1,0,10,150,42,16362,6400,64,0,0,53,0
34,7,1,0,10,150,42,16362,6600,64,0,0,0,0
34,7,1,0,10,150,42,16362,6800,64,0,0,21,0
34,7,1,0,10,150,42,16362,7000,64,0,0,8,0
34,7,1,0,10,150,42,16362,7200,64,0,0,3,0
34,7,1,0,10,150,42,16362,7400,64,0,0,0,0
34,7,1,0,10,150,42,16362,7600,64,0,0,0,0
34,7,1,0,10,150,42,16362,7800,64,0,0,8,0
34,7,1,0,10,150,42,16362,8000,64,0,0,4,0
34,7,1,0,10,150,42,16362,8200,64,0,0,4,0
34,7,1,0,10,150,42,16362,8400,64,0,0,7,-1
34,7,1,0,10,150,42,16362,8600,64,0,0,9,0
34,7,1,0,10,150,42,16362,8800,64,0,0,0,0
34,7,1,0,10,150,42,16362,9000,64,0,0,8,0
34,7,1,0,10,150,42,16362,9200,64,0,0,8,0
34,7,1,0,10,150,42,16362,9400,64,0,0,8,0
34,7,1,0,10,150,42,16362,9600,64,0,0,1,0
34,7,1,0,10,150,42,16362,9800,64,0,0,25,0
34,7,1,0,10,150,42,16362,10000,64,0,0,8,0
34,7,1,0,10,150,42,16362,10200,64,0,0,9,0
34,7,1,0,10,150,42,16362,10400,64,0,0,8,0
34,7,1,0,10,150,42,16362,10600,64,0,0,8,0
34,7,1,0,10,150,42,16362,10800,64,0,0,8,0
34,7,1,0,10,150,42,16362,11000,64,0,0,8,0
34,7,1,0,10,150,42,16362,11200,64,0,0,5,0
34,7,1,0,10,150,42,16362,11400,64,0,0,5,0
34,7,1,0,10,150,42,16362,11600,64,0,0,6,0
34,7,1,0,10,150,42,16362,11800,64,0,0,2,0
34,7,1,0,10,150,42,16362,12000,64,0,0,12,0
34,7,1,0,10,150,42,16362,12200,64,0,0,6,0
34,7,1,0,10,150,42,16362,12400,64,0,0,3,0
34,7,1,0,10,150,42,16362,12600,64,0,0,12,0
34,7,1,0,10,150,42,16362,12800,64,0,0,9,0
35,7,1,0,10,150,16362,42,0,64,1,0,53,1
35,7,1,0,10,150,16362,42,200,64,0,0,6,0
35,7,1,0,10,150,16362,42,400,64,0,0,8,0
35,7,1,0,10,150,16362,42,600,64,0,0,4,0
35,7,1,0,10,150,16362,42,800,64,0,0,8,0
35,7,1,0,10,150,16362,42,1000,64,0,0,9,0
35,7,1,0,10,150,16362,42,1200,64,0,0,7,0
35,7,1,0,10,150,16362,42,1400,64,0,0,6,0
35,7,1,0,10,150,16362,42,1600,64,0,0,4,0
35,7,1,0,10,150,16362,42,1800,64,0,0,2,0
35,7,1,0,10,150,16362,42,2000,64,0,0,5,0
35,7,1,0,10,150,16362,42,2200,64,0,0,4,0
35,7,1,0,10,150,16362,42,2400,64,0,0,10,0
35,7,1,0,10,150,16362,42,2600,64,0,0,2,0
35,7,1,0,10,150,16362,42,2800,64,0,0,8,0
35,7,1,0,10,150,16362,42,3000,64,0,0,8,0
35,7,1,0,10,150,16362,42,3200,64,0,0,5,-1
35,7,1,0,10,150,16362,42,3400,64,0,0,6,0
35,7,1,0,10,150,16362,42,3600,64,0,0,5,0
35,7,1,0,10,150,16362,42,3800,64,0,0,12,0
35,7,1,0,10,150,16362,42,4000,64,0,0,5,0
35,7,1,0,10,150,16362,42,4200,64,0,0,7,0
35,7,1,0,10,150,16362,42,4400,64,0,0,8,0
35,7,1,0,10,150,16362,42,4600,64,0,0,11,0
35,7,1,0,10,150,16362,42,4800,64,0,0,8,0
35,7,1,0,10,150,16362,42,5000,64,0,0,4,0
35,7,1,0,10,150,16362,42,5200,64,0,0,5,0
35,7,1,0,10,150,16362,42,5400,64,0,0,7,0
35,7,1,0,10,150,16362,42,5600,64,0,0,5,0
35,7,1,0,10,150,16362,42,5800,64,0,0,2,0
35,7,1,0,10,150,16362,42,6000,64,1,0,58,1
35,7,1,0,10,150,16362,42,6200,64,0,0,9,0
35,7,1,0,10,150,16362,42,6400,64,0,0,5,0
35,7,1,0,10,150,16362,42,6600,64,0,0,2,0
35,7,1,0,10,150,16362,42,6800,64,0,0,5,0
35,7,1,0,10,150,16362,42,7000,64,0,0,4,0
35,7,1,0,10,150,16362,42,7200,64,0,0,8,0
35,7,1,0,10,150,16362,42,7400,64,0,0,8,0
35,7,1,0,10,150,16362,42,7600,64,0,0,4,0
35,7,1,0,10,150,16362,42,7800,64,0,0,9,0
35,7,1,0,10,150,16362,42,8000,64,0,0,4,0
35,7,1,0,10,150,16362,42,8200,64,0,0,8,0
35,7,1,0,10,150,16362,42,8400,64,0,0,10,-1
35,7,1,0,10,150,16362,42,8600,64,0,0,5,0
35,7,1,0,10,150,16362,42,8800,64,0,0,4,0
35,7,1,0,10,150,16362,42,9000,64,0,0,6,0
35,7,1,0,10,150,16362,42,9200,64,0,0,7,0
35,7,1,0,10,150,16362,42,9400,64,0,0,7,0
35,7,1,0,10,150,16362,42,9600,64,0,0,6,0
35,7,1,0,10,150,16362,42,9800,64,0,0,8,0
35,7,1,0,10,150,16362,42,10000,64,0,0,5,0
35,7,1,0,10,150,16362,42,10200,64,0,0,8,0
35,7,1,0,10,150,16362,42,10400,64,0,0,12,0
35,7,1,0,10,150,16362,42,10600,64,0,0,4,0
35,7,1,0,10,150,16362,42,10800,64,0,0,4,0
35,7,1,0,10,150,16362,42,11000,64,0,0,5,0
35,7,1,0,10,150,16362,42,11200,64,0,0,4,0
35,7,1,0,10,150,16362,42,11400,64,0,0,2,0
35,7,1,0,10,150,16362,42,11600,64,0,0,6,0
35,7,1,0,10,150,16362,42,11800,64,0,0,9,0
35,7,1,0,10,150,16362,42,12000,64,0,0,3,0
35,7,1,0,10,150,16362,42,12200,64,0,0,5,0
35,7,1,0,10,150,16362,42,12400,64,0,0,6,0
35,7,1,0,10,150,16362,42,12600,64,0,0,4,0
35,7,1,0,10,150,16362,42,12800,64,0,0,9,0
36,7,1,1,3,150,19,16339,0,64,0,0,0,0
36,7,1,1,3,150,19,16339,200,64,0,0,0,0
36,7,1,1,3,150,19,16339,400,64,0,0,0,0
36,7,1,1,3,150,19,16339,600,64,0,0,0,0
36,7,1,1,3,150,19,16339,800,64,0,0,0,0
36,7,1,1,3,150,19,16339,1000,64,0,0,2,0
36,7,1,1,3,150,19,16339,1200,64,0,0,0,0
36,7,1,1,3,150,19,16339,1400,64,0,0,0,0
36,7,1,1,3,150,19,16339,1600,64,0,0,1,0
36,7,1,1,3,150,19,16339,1800,64,0,0,0,0
36,7,1,1,3,150,19,16339,2000,64,0,0,0,0
36,7,1,1,3,150,19,16339,2200,64,0,0,0,0
36,7,1,1,3,150,19,16339,2400,64,0,0,0,0
36,7,1,1,3,150,19,16339,2600,64,0,0,0,0
36,7,1,1,3,150,19,16339,2800,64,0,0,0,0
36,7,1,1,3,150,19,16339,3000,64,0,0,1,0
36,7,1,1,3,150,19,16339,3200,64,0,0,0,0
36,7,1,1,3,150,19,16339,3400,64,0,0,0,0
36,7,1,1,3,150,19,16339,3600,64,0,0,0,0
36,7,1,1,3,150,19,16339,3800,64,0,0,0,0
36,7,1,1,3,150,19,16339,4000,64,0,0,0,0
36,7,1,1,3,150,19,16339,4200,64,0,0,0,0
36,7,1,1,3,150,19,16339,4400,64,0,0,1,0
36,7,1,1,3,150,19,16339,4600,64,0,0,0,0
36,7,1,1,3,150,19,16339,4800,64,0,0,0,0
36,7,1,1,3,150,19,16339,5000,64,0,0,0,0
36,7,1,1,3,150,19,16339,5200,64,0,0,0,0
36,7,1,1,3,150,19,16339,5400,64,0,0,0,0
36,7,1,1,3,150,19,16339,5600,64,0,0,0,0
36,7,1,1,3,150,19,16339,5800,64,0,0,0,0
36,7,1,1,3,150,19,16339,6000,64,0,0,0,0
36,7,1,1,3,150,19,16339,6200,64,0,0,0,0
36,7,1,1,3,150,19,16339,6400,64,0,0,0,0
36,7,1,1,3,150,19,16339,6600,64,0,0,0,0
36,7,1,1,3,150,19,16339,6800,64,0,0,0,0
36,7,1,1,3,150,19,16339,7000,64,0,0,0,0
36,7,1,1,3,150,19,16339,7200,64,0,0,0,0
36,7,1,1,3,150,19,16339,7400,64,0,0,0,0
36,7,1,1,3,150,19,16339,7600,64,0,0,1,0
36,7,1,1,3,150,19,16339,7800,64,0,0,0,0
36,7,1,1,3,150,19,16339,8000,64,0,0,0,0
36,7,1,1,3,150,19,16339,8200,64,0,0,0,0
36,7,1,1,3,150,19,16339,8400,64,0,0,0,0
36,7,1,1,3,150,19,16339,8600,64,0,0,0,0
36,7,1,1,3,150,19,16339,8800,64,0,0,0,0
36,7,1,1,3,150,19,16339,9000,64,0,0,0,0
36,7,1,1,3,150,19,16339,9200,64,0,0,0,0
36,7,1,1,3,150,19,16339,9400,64,0,0,0,0
36,7,1,1,3,150,19,16339,9600,64,0,0,0,0
36,7,1,1,3,150,19,16339,9800,64,0,0,0,0
36,7,1,1,3,150,19,16339,10000,64,0,0,0,0
36,7,1,1,3,150,19,16339,10200,64,0,0,0,0
36,7,1,1,3,150,19,16339,10400,64,0,0,0,0
36,7,1,1,3,150,19,16339,10600,64,0,0,0,0
36,7,1,1,3,150,19,16339,10800,64,0,0,1,0
36,7,1,1,3,150,19,16339,11000,64,0,0,0,0
36,7,1,1,3,150,19,16339,11200,64,0,0,0,0
36,7,1,1,3,150,19,16339,11400,64,0,0,0,0
36,7,1,1,3,150,19,16339,11600,64,0,0,0,0
36,7,1,1,3,150,19,16339,11800,64,0,0,1,0
36,7,1,1,3,150,19,16339,12000,64,0,0,2,0
36,7,1,1,3,150,19,16339,12200,64,0,0,1,0
36,7,1,1,3,150,19,16339,12400,64,0,0,0,0
36,7,1,1,3,150,19,16339,12600,64,0,0,2,0
36,7,1,1,3,150,19,16339,12800,64,0,0,1,0
37,7,1,1,3,150,16339,19,0,64,0,0,2,0
37,7,1,1,3,150,16339,19,200,64,0,0,0,0
37,7,1,1,3,150,16339,19,400,64,0,0,1,0
37,7,1,1,3,150,16339,19,600,64,0,0,2,0
37,7,1,1,3,150,16339,19,800,64,0,0,0,0
37,7,1,1,3,150,16339,19,1000,64,0,0,1,0
37,7,1,1,3,150,16339,19,1200,64,0,0,1,0
37,7,1,1,3,150,16339,19,1400,64,0,0,4,0
37,7,1,1,3,150,16339,19,1600,64,0,0,1,0
37,7,1,1,3,150,16339,19,1800,64,0,0,2,0
37,7,1,1,3,150,16339,19,2000,64,0,0,0,0
37,7,1,1,3,150,16339,19,2200,64,0,0,1,0
37,7,1,1,3,150,16339,19,2400,64,0,0,2,0
37,7,1,1,3,150,16339,19,2600,64,0,0,2,0
37,7,1,1,3,150,16339,19,2800,64,0,0,0,0
37,7,1,1,3,150,16339,19,3000,64,0,0,4,0
37,7,1,1,3,150,16339,19,3200,64,0,0,1,0
37,7,1,1,3,150,16339,19,3400,64,0,0,0,0
37,7,1,1,3,150,16339,19,3600,64,0,0,4,0
37,7,1,1,3,150,16339,19,3800,64,0,0,1,0
37,7,1,1,3,150,16339,19,4000,64,0,0,1,0
37,7,1,1,3,150,16339,19,4200,64,0,0,2,0
37,7,1,1,3,150,16339,19,4400,64,0,0,0,0
37,7,1,1,3,150,16339,19,4600,64,0,0,2,0
37,7,1,1,3,150,16339,19,4800,64,0,0,0,0
37,7,1,1,3,150,16339,19,5000,64,0,0,1,0
37,7,1,1,3,150,16339,19,5200,64,0,0,0,0
37,7,1,1,3,150,16339,19,5400,64,0,0,0,0
37,7,1,1,3,150,16339,19,5600,64,0,0,2,0
37,7,1,1,3,150,16339,19,5800,64,0,0,2,0
37,7,1,1,3,150,16339,19,6000,64,0,0,1,0
37,7,1,1,3,150,16339,19,6200,64,0,0,2,0
37,7,1,1,3,150,16339,19,6400,64,0,0,0,0
37,7,1,1,3,150,16339,19,6600,64,0,0,0,0
37,7,1,1,3,150,16339,19,6800,64,0,0,0,0
37,7,1,1,3,150,16339,19,7000,64,0,0,1,0
37,7,1,1,3,150,16339,19,7200,64,0,0,35,0
37,7,1,1,3,150,16339,19,7400,64,0,0,1,0
37,7,1,1,3,150,16339,19,7600,64,0,0,0,0
37,7,1,1,3,150,16339,19,7800,64,0,0,1,0
37,7,1,1,3,150,16339,19,8000,64,0,0,1,0
37,7,1,1,3,150,16339,19,8200,64,0,0,4,0
37,7,1,1,3,150,16339,19,8400,64,0,0,0,0
37,7,1,1,3,150,16339,19,8600,64,0,0,1,0
37,7,1,1,3,150,16339,19,8800,64,0,0,1,0
37,7,1,1,3,150,16339,19,9000,64,0,0,0,0
37,7,1,1,3,150,16339,19,9200,64,0,0,4,0
37,7,1,1,3,150,16339,19,9400,64,0,0,0,0
37,7,1,1,3,150,16339,19,9600,64,0,0,4,0
37,7,1,1,3,150,16339,19,9800,64,0,0,2,0
37,7,1,1,3,150,16339,19,10000,64,0,0,1,0
37,7,1,1,3,150,16339,19,10200,64,0,0,0,0
37,7,1,1,3,150,16339,19,10400,64,0,0,1,0
37,7,1,1,3,150,16339,19,10600,64,0,0,2,0
37,7,1,1,3,150,16339,19,10800,64,0,0,0,0
37,7,1,1,3,150,16339,19,11000,64,0,0,2,0
37,7,1,1,3,150,16339,19,11200,64,0,0,1,0
37,7,1,1,3,150,16339,19,11400,64,0,0,0,0
37,7,1,1,3,150,16339,19,11600,64,0,0,4,0
37,7,1,1,3,150,16339,19,11800,64,0,0,0,0
37,7,1,1,3,150,16339,19,12000,64,0,0,4,0
37,7,1,1,3,150,16339,19,12200,64,0,0,0,0
37,7,1,1,3,150,16339,19,12400,64,0,0,0,0
37,7,1,1,3,150,16339,19,12600,64,0,0,2,0
37,7,1,1,3,150,16339,19,12800,64,0,0,0,0
48,9,2,0,8,5150,40,40,0,64,32484,31649,32518,-1
48,9,2,0,8,5150,40,40,200,64,32498,32479,32517,-1
48,9,2,0,8,5150,40,40,400,64,32499,32468,32518,1
48,9,2,0,8,5150,40,40,600,64,32497,32456,32521,-2
48,9,2,0,8,5150,40,40,800,64,32499,32472,32520,1
48,9,2,0,8,5150,40,40,1000,64,32497,32472,32515,-1
48,9,2,0,8,5150,40,40,1200,64,32497,32467,32512,0
48,9,2,0,8,5150,40,40,1400,64,32495,32474,32517,0
48,9,2,0,8,5150,40,40,1600,64,32495,32471,32518,-3
48,9,2,0,8,5150,40,40,1800,64,32495,32476,32526,-3
48,9,2,0,8,5150,40,40,2000,64,32495,32468,32516,-1
48,9,2,0,8,5150,40,40,2200,64,32494,32356,32521,-2
48,9,2,0,8,5150,40,40,2400,64,32496,32470,32514,2
48,9,2,0,8,5150,40,40,2600,64,32496,32475,32513,1
48,9,2,0,8,5150,40,40,2800,64,32494,32468,32516,1
48,9,2,0,8,5150,40,40,3000,64,32494,32475,32509,-1
48,9,2,0,8,5150,40,40,3200,64,32494,32474,32514,-2
48,9,2,0,8,5150,40,40,3400,64,32493,32471,32515,-2
48,9,2,0,8,5150,40,40,3600,64,32493,32471,32514,-2
48,9,2,0,8,5150,40,40,3800,64,32493,32472,32509,-3
48,9,2,0,8,5150,40,40,4000,64,32492,32477,32505,-4
48,9,2,0,8,5150,40,40,4200,64,32496,32476,32511,1
48,9,2,0,8,5150,40,40,4400,64,32495,32466,32514,-2
48,9,2,0,8,5150,40,40,4600,64,32494,32473,32509,-1
48,9,2,0,8,5150,40,40,4800,64,32493,32369,32511,-3
48,9,2,0,8,5150,40,40,5000,64,32497,32460,32514,1
48,9,2,0,8,5150,40,40,5200,64,32493,32473,32514,-2
48,9,2,0,8,5150,40,40,5400,64,32493,32465,32513,-3
48,9,2,0,8,5150,40,40,5600,64,32496,32473,32512,0
48,9,2,0,8,5150,40,40,5800,64,32494,32468,32516,0
48,9,2,0,8,5150,40,40,6000,64,32496,32465,32516,3
48,9,2,0,8,5150,40,40,6200,64,32497,32476,32511,1
48,9,2,0,8,5150,40,40,6400,64,32497,32474,32511,3
48,9,2,0,8,5150,40,40,6600,64,32496,32471,32514,1
48,9,2,0,8,5150,40,40,6800,64,32497,32478,32519,3
48,9,2,0,8,5150,40,40,7000,64,32496,32478,32511,-1
48,9,2,0,8,5150,40,40,7200,64,32496,32478,32516,-1
48,9,2,0,8,5150,40,40,7400,64,32495,32459,32516,-3
48,9,2,0,8,5150,40,40,7600,64,32497,32467,32518,-1
48,9,2,0,8,5150,40,40,7800,64,32498,32469,32530,1
48,9,2,0,8,5150,40,40,8000,64,32499,32469,32520,2
48,9,2,0,8,5150,40,40,8200,64,32497,32475,32516,-3
48,9,2,0,8,5150,40,40,8400,64,32498,32478,32516,0
48,9,2,0,8,5150,40,40,8600,64,32500,32465,32517,2
48,9,2,0,8,5150,40,40,8800,64,32499,32482,32527,2
48,9,2,0,8,5150,40,40,9000,64,32497,32474,32517,-1
48,9,2,0,8,5150,40,40,9200,64,32498,32462,32518,-1
48,9,2,0,8,5150,40,40,9400,64,32499,32467,32516,1
48,9,2,0,8,5150,40,40,9600,64,32500,32472,32518,1
48,9,2,0,8,5150,40,40,9800,64,32501,32477,32518,2
48,9,2,0,8,5150,40,40,10000,64,32499,32475,32516,0
48,9,2,0,8,5150,40,40,10200,64,32501,32470,32524,2
48,9,2,0,8,5150,40,40,10400,64,32499,32484,32517,-1
48,9,2,0,8,5150,40,40,10600,64,32501,32471,32523,1
48,9,2,0,8,5150,40,40,10800,64,32500,32469,32529,0
48,9,2,0,8,5150,40,40,11000,64,32501,32478,32523,1
48,9,2,0,8,5150,40,40,11200,64,32498,32343,32520,-2
48,9,2,0,8,5150,40,40,11400,64,32500,32469,32531,-1
48,9,2,0,8,5150,40,40,11600,64,32502,32472,32527,0
48,9,2,0,8,5150,40,40,11800,64,32500,32472,32528,0
48,9,2,0,8,5150,40,40,12000,64,32500,32474,32520,1
48,9,2,0,8,5150,40,40,12200,64,32502,32471,32532,3
48,9,2,0,8,5150,40,40,12400,64,32500,32474,32522,-1
48,9,2,0,8,5150,40,40,12600,64,32501,32475,32523,0
48,9,2,0,8,5150,40,40,12800,64,32501,32463,32522,-1
49,9,2,1,6,5150,22,22,0,64,32570,31926,32601,0
49,9,2,1,6,5150,22,22,200,64,32581,32561,32595,1
49,9,2,1,6,5150,22,22,400,64,32581,32559,32597,2
49,9,2,1,6,5150,22,22,600,64,32579,32568,32597,0
49,9,2,1,6,5150,22,22,800,64,32580,32569,32593,0
49,9,2,1,6,5150,22,22,1000,64,32579,32564,32591,0
49,9,2,1,6,5150,22,22,1200,64,32576,32564,32592,-2
49,9,2,1,6,5150,22,22,1400,64,32580,32566,32597,0
49,9,2,1,6,5150,22,22,1600,64,32578,32565,32591,-1
49,9,2,1,6,5150,22,22,1800,64,32578,32562,32595,0
49,9,2,1,6,5150,22,22,2000,64,32576,32562,32594,-1
49,9,2,1,6,5150,22,22,2200,64,32577,32561,32596,-1
49,9,2,1,6,5150,22,22,2400,64,32576,32559,32593,-1
49,9,2,1,6,5150,22,22,2600,64,32575,32563,32592,-1
49,9,2,1,6,5150,22,22,2800,64,32575,32559,32588,-1
49,9,2,1,6,5150,22,22,3000,64,32575,32559,32588,-2
49,9,2,1,6,5150,22,22,3200,64,32577,32561,32596,1
49,9,2,1,6,5150,22,22,3400,64,32577,32563,32591,1
49,9,2,1,6,5150,22,22,3600,64,32577,32561,32594,1
49,9,2,1,6,5150,22,22,3800,64,32577,32565,32592,2
49,9,2,1,6,5150,22,22,4000,64,32577,32564,32591,1
49,9,2,1,6,5150,22,22,4200,64,32576,32562,32596,0
49,9,2,1,6,5150,22,22,4400,64,32577,32565,32593,0
49,9,2,1,6,5150,22,22,4600,64,32577,32564,32592,0
49,9,2,1,6,5150,22,22,4800,64,32577,32562,32592,1
49,9,2,1,6,5150,22,22,5000,64,32577,32560,32592,1
49,9,2,1,6,5150,22,22,5200,64,32576,32562,32589,0
49,9,2,1,6,5150,22,22,5400,64,32577,32560,32593,0
49,9,2,1,6,5150,22,22,5600,64,32576,32563,32595,0
49,9,2,1,6,5150,22,22,5800,64,32576,32557,32597,0
49,9,2,1,6,5150,22,22,6000,64,32577,32561,32598,-1
49,9,2,1,6,5150,22,22,6200,64,32577,32564,32589,0
49,9,2,1,6,5150,22,22,6400,64,32577,32564,32593,-2
49,9,2,1,6,5150,22,22,6600,64,32577,32562,32592,1
49,9,2,1,6,5150,22,22,6800,64,32578,32564,32596,0
49,9,2,1,6,5150,22,22,7000,64,32577,32564,32592,-1
49,9,2,1,6,5150,22,22,7200,64,32579,32562,32602,2
49,9,2,1,6,5150,22,22,7400,64,32578,32564,32595,-1
49,9,2,1,6,5150,22,22,7600,64,32579,32565,32592,0
49,9,2,1,6,5150,22,22,7800,64,32579,32566,32594,1
49,9,2,1,6,5150,22,22,8000,64,32580,32567,32594,1
49,9,2,1,6,5150,22,22,8200,64,32578,32566,32592,-1
49,9,2,1,6,5150,22,22,8400,64,32580,32565,32596,0
49,9,2,1,6,5150,22,22,8600,64,32580,32568,32597,1
49,9,2,1,6,5150,22,22,8800,64,32580,32567,32597,0
49,9,2,1,6,5150,22,22,9000,64,32581,32571,32602,2
49,9,2,1,6,5150,22,22,9200,64,32581,32562,32602,1
49,9,2,1,6,5150,22,22,9400,64,32580,32567,32598,0
49,9,2,1,6,5150,22,22,9600,64,32581,32567,32592,-1
49,9,2,1,6,5150,22,22,9800,64,32580,32567,32595,-3
49,9,2,1,6,5150,22,22,10000,64,32581,32567,32599,-1
49,9,2,1,6,5150,22,22,10200,64,32581,32565,32600,-1
49,9,2,1,6,5150,22,22,10400,64,32581,32569,32592,-1
49,9,2,1,6,5150,22,22,10600,64,32583,32569,32600,2
49,9,2,1,6,5150,22,22,10800,64,32580,32569,32595,-2
49,9,2,1,6,5150,22,22,11000,64,32582,32569,32597,1
49,9,2,1,6,5150,22,22,11200,64,32581,32566,32596,1
49,9,2,1,6,5150,22,22,11400,64,32581,32567,32597,0
49,9,2,1,6,5150,22,22,11600,64,32582,32570,32593,0
49,9,2,1,6,5150,22,22,11800,64,32581,32570,32596,0
49,9,2,1,6,5150,22,22,12000,64,32581,32569,32596,-1
49,9,2,1,6,5150,22,22,12200,64,32584,32571,32604,2
49,9,2,1,6,5150,22,22,12400,64,32583,32571,32600,1
49,9,2,1,6,5150,22,22,12600,64,32581,32570,32597,-1
49,9,2,1,6,5150,22,22,12800,64,32582,32567,32596,1
50,9,2,0,9,650,41,41,0,64,32755,32740,32777,1
50,9,2,0,9,650,41,41,200,64,32752,32735,32768,-5
50,9,2,0,9,650,41,41,400,64,32751,32738,32767,-3
50,9,2,0,9,650,41,41,600,64,32754,32736,32773,1
50,9,2,0,9,650,41,41,800,64,32754,32742,32773,1
50,9,2,0,9,650,41,41,1000,64,32752,32740,32769,0
50,9,2,0,9,650,41,41,1200,64,32751,32661,32776,1
50,9,2,0,9,650,41,41,1400,64,32753,32732,32781,4
50,9,2,0,9,650,41,41,1600,64,32751,32736,32768,-2
50,9,2,0,9,650,41,41,1800,64,32751,32735,32769,-1
50,9,2,0,9,650,41,41,2000,64,32750,32735,32764,-1
50,9,2,0,9,650,41,41,2200,64,32750,32735,32769,-1
50,9,2,0,9,650,41,41,2400,64,32750,32732,32779,0
50,9,2,0,9,650,41,41,2600,64,32751,32735,32766,1
50,9,2,0,9,650,41,41,2800,64,32750,32737,32772,-1
50,9,2,0,9,650,41,41,3000,64,32749,32733,32764,-2
50,9,2,0,9,650,41,41,3200,64,32749,32731,32773,-1
50,9,2,0,9,650,41,41,3400,64,32750,32698,32776,-1
50,9,2,0,9,650,41,41,3600,64,32748,32731,32767,-3
50,9,2,0,9,650,41,41,3800,64,32749,32737,32766,-1
50,9,2,0,9,650,41,41,4000,64,32749,32728,32762,-2
50,9,2,0,9,650,41,41,4200,64,32751,32739,32768,1
50,9,2,0,9,650,41,41,4400,64,32751,32729,32765,1
50,9,2,0,9,650,41,41,4600,64,32750,32733,32776,0
50,9,2,0,9,650,41,41,4800,64,32751,32737,32773,1
50,9,2,0,9,650,41,41,5000,64,32750,32735,32764,0
50,9,2,0,9,650,41,41,5200,64,32752,32739,32770,-2
50,9,2,0,9,650,41,41,5400,64,32752,32739,32768,-1
50,9,2,0,9,650,41,41,5600,64,32751,32734,32767,-2
50,9,2,0,9,650,41,41,5800,64,32752,32735,32774,1
50,9,2,0,9,650,41,41,6000,64,32752,32740,32773,-1
50,9,2,0,9,650,41,41,6200,64,32751,32734,32762,0
50,9,2,0,9,650,41,41,6400,64,32751,32732,32771,-2
50,9,2,0,9,650,41,41,6600,64,32752,32733,32774,1
50,9,2,0,9,650,41,41,6800,64,32753,32736,32770,-1
50,9,2,0,9,650,41,41,7000,64,32751,32734,32766,-3
50,9,2,0,9,650,41,41,7200,64,32753,32725,32773,-2
50,9,2,0,9,650,41,41,7400,64,32753,32739,32773,0
50,9,2,0,9,650,41,41,7600,64,32755,32740,32770,2
50,9,2,0,9,650,41,41,7800,64,32754,32740,32776,3
50,9,2,0,9,650,41,41,8000,64,32755,32735,32787,1
50,9,2,0,9,650,41,41,8200,64,32755,32742,32776,1
50,9,2,0,9,650,41,41,8400,64,32754,32737,32772,-2
50,9,2,0,9,650,41,41,8600,64,32755,32734,32774,1
50,9,2,0,9,650,41,41,8800,64,32755,32712,32785,-2
50,9,2,0,9,650,41,41,9000,64,32754,32739,32776,0
50,9,2,0,9,650,41,41,9200,64,32757,32743,32774,1
50,9,2,0,9,650,41,41,9400,64,32756,32738,32777,0
50,9,2,0,9,650,41,41,9600,64,32757,32741,32776,0
50,9,2,0,9,650,41,41,9800,64,32757,32745,32776,-1
50,9,2,0,9,650,41,41,10000,64,32758,32746,32777,1
50,9,2,0,9,650,41,41,10200,64,32759,32745,32772,2
50,9,2,0,9,650,41,41,10400,64,32761,32744,32777,5
50,9,2,0,9,650,41,41,10600,64,32758,32742,32779,1
50,9,2,0,9,650,41,41,10800,64,32757,32745,32778,-2
50,9,2,0,9,650,41,41,11000,64,32758,32742,32773,1
50,9,2,0,9,650,41,41,11200,64,32757,32744,32780,0
50,9,2,0,9,650,41,41,11400,64,32760,32748,32787,3
50,9,2,0,9,650,41,41,11600,64,32759,32742,32776,1
50,9,2,0,9,650,41,41,11800,64,32759,32737,32781,1
50,9,2,0,9,650,41,41,12000,64,32760,32747,32778,2
50,9,2,0,9,650,41,41,12200,64,32759,32743,32777,-1
50,9,2,0,9,650,41,41,12400,64,32761,32746,32784,2
50,9,2,0,9,650,41,41,12600,64,32760,32745,32777,0
50,9,2,0,9,650,41,41,12800,64,32760,32738,32777,2
51,9,2,0,10,150,42,42,0,64,0,0,4,0
51,9,2,0,10,150,42,42,200,64,0,0,8,0
51,9,2,0,10,150,42,42,400,64,0,0,8,0
51,9,2,0,10,150,42,42,600,64,0,0,2,0
51,9,2,0,10,150,42,42,800,64,0,0,5,0
51,9,2,0,10,150,42,42,1000,64,0,0,8,0
51,9,2,0,10,150,42,42,1200,64,0,0,6,0
51,9,2,0,10,150,42,42,1400,64,0,0,6,0
51,9,2,0,10,150,42,42,1600,64,0,0,6,0
51,9,2,0,10,150,42,42,1800,64,0,0,4,0
51,9,2,0,10,150,42,42,2000,64,0,0,8,0
51,9,2,0,10,150,42,42,2200,64,0,0,1,0
51,9,2,0,10,150,42,42,2400,64,0,0,6,0
51,9,2,0,10,150,42,42,2600,64,0,0,8,0
51,9,2,0,10,150,42,42,2800,64,0,0,8,0
51,9,2,0,10,150,42,42,3000,64,0,0,4,0
51,9,2,0,10,150,42,42,3200,64,0,0,8,-1
51,9,2,0,10,150,42,42,3400,64,0,0,4,0
51,9,2,0,10,150,42,42,3600,64,0,0,8,0
51,9,2,0,10,150,42,42,3800,64,0,0,4,0
51,9,2,0,10,150,42,42,4000,64,0,0,4,0
51,9,2,0,10,150,42,42,4200,64,0,0,8,0
51,9,2,0,10,150,42,42,4400,64,0,0,6,0
51,9,2,0,10,150,42,42,4600,64,0,0,4,0
51,9,2,0,10,150,42,42,4800,64,0,0,4,0
51,9,2,0,10,150,42,42,5000,64,0,0,4,0
51,9,2,0,10,150,42,42,5200,64,0,0,8,0
51,9,2,0,10,150,42,42,5400,64,0,0,1,0
51,9,2,0,10,150,42,42,5600,64,0,0,1,0
51,9,2,0,10,150,42,42,5800,64,0,0,4,0
51,9,2,0,10,150,42,42,6000,64,0,0,2,0
51,9,2,0,10,150,42,42,6200,64,0,0,4,0
51,9,2,0,10,150,42,42,6400,64,0,0,4,0
51,9,2,0,10,150,42,42,6600,64,0,0,5,0
51,9,2,0,10,150,42,42,6800,64,0,0,4,0
51,9,2,0,10,150,42,42,7000,64,0,0,5,0
51,9,2,0,10,150,42,42,7200,64,0,0,3,0
51,9,2,0,10,150,42,42,7400,64,0,0,1,0
51,9,2,0,10,150,42,42,7600,64,0,0,8,0
51,9,2,0,10,150,42,42,7800,64,0,0,3,0
51,9,2,0,10,150,42,42,8000,64,0,0,17,0
51,9,2,0,10,150,42,42,8200,64,0,0,5,0
51,9,2,0,10,150,42,42,8400,64,0,0,9,-1
51,9,2,0,10,150,42,42,8600,64,0,0,4,0
51,9,2,0,10,150,42,42,8800,64,0,0,5,0
51,9,2,0,10,150,42,42,9000,64,0,0,5,0
51,9,2,0,10,150,42,42,9200,64,0,0,1,0
51,9,2,0,10,150,42,42,9400,64,0,0,8,0
51,9,2,0,10,150,42,42,9600,64,0,0,8,0
51,9,2,0,10,150,42,42,9800,64,0,0,2,0
51,9,2,0,10,150,42,42,10000,64,0,0,4,0
51,9,2,0,10,150,42,42,10200,64,0,0,2,0
51,9,2,0,10,150,42,42,10400,64,0,0,14,0
51,9,2,0,10,150,42,42,10600,64,0,0,4,0
51,9,2,0,10,150,42,42,10800,64,0,0,3,0
51,9,2,0,10,150,42,42,11000,64,0,0,8,0
51,9,2,0,10,150,42,42,11200,64,0,0,5,0
51,9,2,0,10,150,42,42,11400,64,0,0,5,0
51,9,2,0,10,150,42,42,11600,64,0,0,9,0
51,9,2,0,10,150,42,42,11800,64,0,0,10,0
51,9,2,0,10,150,42,42,12000,64,0,0,4,0
51,9,2,0,10,150,42,42,12200,64,0,0,6,0
51,9,2,0,10,150,42,42,12400,64,0,0,7,0
51,9,2,0,10,150,42,42,12600,64,0,0,12,0
51,9,2,0,10,150,42,42,12800,64,0,0,4,0
52,9,2,1,3,150,19,19,0,64,0,0,4,0
52,9,2,1,3,150,19,19,200,64,0,0,0,0
52,9,2,1,3,150,19,19,400,64,0,0,0,0
52,9,2,1,3,150,19,19,600,64,0,0,0,0
52,9,2,1,3,150,19,19,800,64,0,0,0,0
52,9,2,1,3,150,19,19,1000,64,0,0,0,0
52,9,2,1,3,150,19,19,1200,64,0,0,1,0
52,9,2,1,3,150,19,19,1400,64,0,0,0,0
52,9,2,1,3,150,19,19,1600,64,0,0,0,0
52,9,2,1,3,150,19,19,1800,64,0,0,0,0
52,9,2,1,3,150,19,19,2000,64,0,0,0,0
52,9,2,1,3,150,19,19,2200,64,0,0,1,0
52,9,2,1,3,150,19,19,2400,64,0,0,0,0
52,9,2,1,3,150,19,19,2600,64,0,0,0,0
52,9,2,1,3,150,19,19,2800,64,0,0,1,0
52,9,2,1,3,150,19,19,3000,64,0,0,0,0
52,9,2,1,3,150,19,19,3200,64,0,0,0,0
52,9,2,1,3,150,19,19,3400,64,0,0,0,0
52,9,2,1,3,150,19,19,3600,64,0,0,0,0
52,9,2,1,3,150,19,19,3800,64,0,0,0,0
52,9,2,1,3,150,19,19,4000,64,0,0,0,0
52,9,2,1,3,150,19,19,4200,64,0,0,0,0
52,9,2,1,3,150,19,19,4400,64,0,0,1,0
52,9,2,1,3,150,19,19,4600,64,0,0,1,0
52,9,2,1,3,150,19,19,4800,64,0,0,0,0
52,9,2,1,3,150,19,19,5000,64,0,0,0,0
52,9,2,1,3,150,19,19,5200,64,0,0,0,0
52,9,2,1,3,150,19,19,5400,64,0,0,0,0
52,9,2,1,3,150,19,19,5600,64,0,0,0,0
52,9,2,1,3,150,19,19,5800,64,0,0,0,0
52,9,2,1,3,150,19,19,6000,64,0,0,0,0
52,9,2,1,3,150,19,19,6200,64,0,0,0,0
52,9,2,1,3,150,19,19,6400,64,0,0,0,0
52,9,2,1,3,150,19,19,6600,64,0,0,0,0
52,9,2,1,3,150,19,19,6800,64,0,0,0,0
52,9,2,1,3,150,19,19,7000,64,0,0,1,0
52,9,2,1,3,150,19,19,7200,64,0,0,0,0
52,9,2,1,3,150,19,19,7400,64,0,0,0,0
52,9,2,1,3,150,19,19,7600,64,0,0,0,0
52,9,2,1,3,150,19,19,7800,64,0,0,0,0
52,9,2,1,3,150,19,19,8000,64,0,0,1,0
52,9,2,1,3,150,19,19,8200,64,0,0,0,0
52,9,2,1,3,150,19,19,8400,64,0,0,0,0
52,9,2,1,3,150,19,19,8600,64,0,0,0,0
52,9,2,1,3,150,19,19,8800,64,0,0,0,0
52,9,2,1,3,150,19,19,9000,64,0,0,0,0
52,9,2,1,3,150,19,19,9200,64,0,0,2,0
52,9,2,1,3,150,19,19,9400,64,0,0,0,0
52,9,2,1,3,150,19,19,9600,64,0,0,0,0
52,9,2,1,3,150,19,19,9800,64,0,0,1,0
52,9,2,1,3,150,19,19,10000,64,0,0,0,0
52,9,2,1,3,150,19,19,10200,64,0,0,0,0
52,9,2,1,3,150,19,19,10400,64,0,0,1,0
52,9,2,1,3,150,19,19,10600,64,0,0,0,0
52,9,2,1,3,150,19,19,10800,64,0,0,0,0
52,9,2,1,3,150,19,19,11000,64,0,0,0,0
52,9,2,1,3,150,19,19,11200,64,0,0,0,0
52,9,2,1,3,150,19,19,11400,64,0,0,0,0
52,9,2,1,3,150,19,19,11600,64,0,0,0,0
52,9,2,1,3,150,19,19,11800,64,0,0,0,0
52,9,2,1,3,150,19,19,12000,64,0,0,0,0
52,9,2,1,3,150,19,19,12200,64,0,0,0,0
52,9,2,1,3,150,19,19,12400,64,0,0,0,0
52,9,2,1,3,150,19,19,12600,64,0,0,0,0
52,9,2,1,3,150,19,19,12800,64,0,0,0,0
53,10,0,0,8,5150,40,40,0,64,32488,31653,32524,3
53,10,0,0,8,5150,40,40,200,64,32503,32478,32528,4
53,10,0,0,8,5150,40,40,400,64,32500,32470,32528,2
53,10,0,0,8,5150,40,40,600,64,32503,32476,32524,4
53,10,0,0,8,5150,40,40,800,64,32503,32481,32532,5
53,10,0,0,8,5150,40,40,1000,64,32504,32478,32536,6
53,10,0,0,8,5150,40,40,1200,64,32500,32471,32525,3
53,10,0,0,8,5150,40,40,1400,64,32501,32469,32525,6
53,10,0,0,8,5150,40,40,1600,64,32503,32471,32528,5
53,10,0,0,8,5150,40,40,1800,64,32501,32476,32524,3
53,10,0,0,8,5150,40,40,2000,64,32502,32469,32528,6
53,10,0,0,8,5150,40,40,2200,64,32501,32478,32525,5
53,10,0,0,8,5150,40,40,2400,64,32502,32476,32526,8
53,10,0,0,8,5150,40,40,2600,64,32499,32476,32516,4
53,10,0,0,8,5150,40,40,2800,64,32502,32474,32528,9
53,10,0,0,8,5150,40,40,3000,64,32503,32466,32526,8
53,10,0,0,8,5150,40,40,3200,64,32503,32471,32524,7
53,10,0,0,8,5150,40,40,3400,64,32501,32471,32535,6
53,10,0,0,8,5150,40,40,3600,64,32502,32469,32532,7
53,10,0,0,8,5150,40,40,3800,64,32502,32472,32532,6
53,10,0,0,8,5150,40,40,4000,64,32501,32473,32523,5
53,10,0,0,8,5150,40,40,4200,64,32501,32463,32524,6
53,10,0,0,8,5150,40,40,4400,64,32503,32484,32528,6
53,10,0,0,8,5150,40,40,4600,64,32502,32472,32529,7
53,10,0,0,8,5150,40,40,4800,64,32501,32473,32529,5
53,10,0,0,8,5150,40,40,5000,64,32500,32469,32520,4
53,10,0,0,8,5150,40,40,5200,64,32500,32464,32524,5
53,10,0,0,8,5150,40,40,5400,64,32501,32472,32527,5
53,10,0,0,8,5150,40,40,5600,64,32503,32482,32529,7
53,10,0,0,8,5150,40,40,5800,64,32501,32467,32522,7
53,10,0,0,8,5150,40,40,6000,64,32502,32474,32525,9
53,10,0,0,8,5150,40,40,6200,64,32500,32477,32530,4
53,10,0,0,8,5150,40,40,6400,64,32501,32473,32521,7
53,10,0,0,8,5150,40,40,6600,64,32501,32477,32531,6
53,10,0,0,8,5150,40,40,6800,64,32498,32458,32524,4
53,10,0,0,8,5150,40,40,7000,64,32499,32457,32519,2
53,10,0,0,8,5150,40,40,7200,64,32500,32464,32531,3
53,10,0,0,8,5150,40,40,7400,64,32499,32465,32522,1
53,10,0,0,8,5150,40,40,7600,64,32500,32473,32528,2
53,10,0,0,8,5150,40,40,7800,64,32500,32473,32528,3
53,10,0,0,8,5150,40,40,8000,64,32500,32410,32532,3
53,10,0,0,8,5150,40,40,8200,64,32498,32476,32522,-2
53,10,0,0,8,5150,40,40,8400,64,32499,32459,32519,1
53,10,0,0,8,5150,40,40,8600,64,32499,32463,32525,1
53,10,0,0,8,5150,40,40,8800,64,32500,32474,32531,3
53,10,0,0,8,5150,40,40,9000,64,32500,32469,32525,2
53,10,0,0,8,5150,40,40,9200,64,32500,32469,32524,1
53,10,0,0,8,5150,40,40,9400,64,32499,32458,32524,1
53,10,0,0,8,5150,40,40,9600,64,32500,32473,32522,1
53,10,0,0,8,5150,40,40,9800,64,32501,32467,32529,2
53,10,0,0,8,5150,40,40,10000,64,32502,32477,32522,3
53,10,0,0,8,5150,40,40,10200,64,32501,32481,32524,2
53,10,0,0,8,5150,40,40,10400,64,32500,32472,32525,0
53,10,0,0,8,5150,40,40,10600,64,32499,32473,32524,-1
53,10,0,0,8,5150,40,40,10800,64,32498,32466,32522,-2
53,10,0,0,8,5150,40,40,11000,64,32500,32474,32529,0
53,10,0,0,8,5150,40,40,11200,64,32499,32475,32533,-1
53,10,0,0,8,5150,40,40,11400,64,32495,32325,32526,-6
53,10,0,0,8,5150,40,40,11600,64,32500,32476,32532,-2
53,10,0,0,8,5150,40,40,11800,64,32500,32471,32522,0
53,10,0,0,8,5150,40,40,12000,64,32498,32466,32520,-1
53,10,0,0,8,5150,40,40,12200,64,32498,32477,32519,-1
53,10,0,0,8,5150,40,40,12400,64,32497,32468,32517,-4
53,10,0,0,8,5150,40,40,12600,64,32497,32466,32527,-4
53,10,0,0,8,5150,40,40,12800,64,32497,32466,32522,-5
54,10,0,1,6,5150,22,22,0,64,32575,31944,32601,5
54,10,0,1,6,5150,22,22,200,64,32585,32569,32603,5
54,10,0,1,6,5150,22,22,400,64,32584,32564,32604,5
54,10,0,1,6,5150,22,22,600,64,32584,32567,32600,5
54,10,0,1,6,5150,22,22,800,64,32585,32563,32600,5
54,10,0,1,6,5150,22,22,1000,64,32587,32569,32601,8
54,10,0,1,6,5150,22,22,1200,64,32584,32564,32608,6
54,10,0,1,6,5150,22,22,1400,64,32584,32566,32601,4
54,10,0,1,6,5150,22,22,1600,64,32586,32573,32603,7
54,10,0,1,6,5150,22,22,1800,64,32585,32564,32599,7
54,10,0,1,6,5150,22,22,2000,64,32586,32570,32603,9
54,10,0,1,6,5150,22,22,2200,64,32586,32566,32602,8
54,10,0,1,6,5150,22,22,2400,64,32585,32573,32599,8
54,10,0,1,6,5150,22,22,2600,64,32584,32565,32598,8
54,10,0,1,6,5150,22,22,2800,64,32585,32568,32598,9
54,10,0,1,6,5150,22,22,3000,64,32584,32564,32603,7
54,10,0,1,6,5150,22,22,3200,64,32583,32570,32597,7
54,10,0,1,6,5150,22,22,3400,64,32584,32525,32599,8
54,10,0,1,6,5150,22,22,3600,64,32584,32570,32600,8
54,10,0,1,6,5150,22,22,3800,64,32585,32567,32608,10
54,10,0,1,6,5150,22,22,4000,64,32584,32571,32599,8
54,10,0,1,6,5150,22,22,4200,64,32586,32569,32600,10
54,10,0,1,6,5150,22,22,4400,64,32586,32567,32606,9
54,10,0,1,6,5150,22,22,4600,64,32585,32563,32600,8
54,10,0,1,6,5150,22,22,4800,64,32584,32569,32606,8
54,10,0,1,6,5150,22,22,5000,64,32585,32567,32600,9
54,10,0,1,6,5150,22,22,5200,64,32585,32567,32597,9
54,10,0,1,6,5150,22,22,5400,64,32583,32567,32600,6
54,10,0,1,6,5150,22,22,5600,64,32584,32569,32600,8
54,10,0,1,6,5150,22,22,5800,64,32583,32567,32602,7
54,10,0,1,6,5150,22,22,6000,64,32583,32560,32601,5
54,10,0,1,6,5150,22,22,6200,64,32582,32562,32599,5
54,10,0,1,6,5150,22,22,6400,64,32585,32570,32601,6
54,10,0,1,6,5150,22,22,6600,64,32583,32565,32607,7
54,10,0,1,6,5150,22,22,6800,64,32585,32570,32601,7
54,10,0,1,6,5150,22,22,7000,64,32584,32553,32604,6
54,10,0,1,6,5150,22,22,7200,64,32583,32564,32602,6
54,10,0,1,6,5150,22,22,7400,64,32584,32570,32596,5
54,10,0,1,6,5150,22,22,7600,64,32582,32565,32601,3
54,10,0,1,6,5150,22,22,7800,64,32584,32557,32603,6
54,10,0,1,6,5150,22,22,8000,64,32584,32569,32604,5
54,10,0,1,6,5150,22,22,8200,64,32583,32562,32599,4
54,10,0,1,6,5150,22,22,8400,64,32583,32567,32600,3
54,10,0,1,6,5150,22,22,8600,64,32583,32567,32604,4
54,10,0,1,6,5150,22,22,8800,64,32582,32568,32597,2
54,10,0,1,6,5150,22,22,9000,64,32583,32569,32599,4
54,10,0,1,6,5150,22,22,9200,64,32580,32544,32601,0
54,10,0,1,6,5150,22,22,9400,64,32583,32565,32608,3
54,10,0,1,6,5150,22,22,9600,64,32583,32562,32602,1
54,10,0,1,6,5150,22,22,9800,64,32582,32565,32604,-1
54,10,0,1,6,5150,22,22,10000,64,32582,32567,32600,0
54,10,0,1,6,5150,22,22,10200,64,32582,32570,32600,0
54,10,0,1,6,5150,22,22,10400,64,32582,32558,32596,0
54,10,0,1,6,5150,22,22,10600,64,32582,32565,32594,1
54,10,0,1,6,5150,22,22,10800,64,32582,32562,32597,0
54,10,0,1,6,5150,22,22,11000,64,32583,32563,32601,2
54,10,0,1,6,5150,22,22,11200,64,32581,32550,32594,1
54,10,0,1,6,5150,22,22,11400,64,32583,32565,32599,2
54,10,0,1,6,5150,22,22,11600,64,32581,32566,32600,-1
54,10,0,1,6,5150,22,22,11800,64,32581,32562,32596,0
54,10,0,1,6,5150,22,22,12000,64,32581,32561,32602,-1
54,10,0,1,6,5150,22,22,12200,64,32581,32562,32600,-1
54,10,0,1,6,5150,22,22,12400,64,32583,32565,32598,1
54,10,0,1,6,5150,22,22,12600,64,32580,32558,32602,-2
54,10,0,1,6,5150,22,22,12800,64,32580,32564,32600,-1
55,10,0,0,9,650,41,41,0,64,32756,32735,32772,2
55,10,0,0,9,650,41,41,200,64,32759,32745,32786,2
55,10,0,0,9,650,41,41,400,64,32756,32743,32773,2
55,10,0,0,9,650,41,41,600,64,32755,32620,32778,2
55,10,0,0,9,650,41,41,800,64,32756,32732,32778,3
55,10,0,0,9,650,41,41,1000,64,32756,32731,32776,4
55,10,0,0,9,650,41,41,1200,64,32755,32735,32775,5
55,10,0,0,9,650,41,41,1400,64,32758,32733,32778,9
55,10,0,0,9,650,41,41,1600,64,32759,32744,32774,6
55,10,0,0,9,650,41,41,1800,64,32757,32737,32786,5
55,10,0,0,9,650,41,41,2000,64,32758,32737,32780,7
55,10,0,0,9,650,41,41,2200,64,32757,32742,32776,6
55,10,0,0,9,650,41,41,2400,64,32756,32740,32774,6
55,10,0,0,9,650,41,41,2600,64,32759,32743,32784,9
55,10,0,0,9,650,41,41,2800,64,32759,32737,32780,8
55,10,0,0,9,650,41,41,3000,64,32757,32739,32780,6
55,10,0,0,9,650,41,41,3200,64,32757,32740,32772,7
55,10,0,0,9,650,41,41,3400,64,32756,32740,32781,5
55,10,0,0,9,650,41,41,3600,64,32759,32741,32784,8
55,10,0,0,9,650,41,41,3800,64,32757,32734,32782,7
55,10,0,0,9,650,41,41,4000,64,32758,32742,32778,7
55,10,0,0,9,650,41,41,4200,64,32755,32742,32772,5
55,10,0,0,9,650,41,41,4400,64,32756,32730,32782,6
55,10,0,0,9,650,41,41,4600,64,32759,32742,32779,9
55,10,0,0,9,650,41,41,4800,64,32756,32734,32780,6
55,10,0,0,9,650,41,41,5000,64,32758,32741,32780,8
55,10,0,0,9,650,41,41,5200,64,32760,32739,32776,6
55,10,0,0,9,650,41,41,5400,64,32757,32704,32780,4
55,10,0,0,9,650,41,41,5600,64,32758,32729,32778,5
55,10,0,0,9,650,41,41,5800,64,32757,32739,32778,6
55,10,0,0,9,650,41,41,6000,64,32757,32738,32776,4
55,10,0,0,9,650,41,41,6200,64,32760,32735,32784,9
55,10,0,0,9,650,41,41,6400,64,32757,32741,32776,4
55,10,0,0,9,650,41,41,6600,64,32757,32741,32776,6
55,10,0,0,9,650,41,41,6800,64,32758,32731,32779,4
55,10,0,0,9,650,41,41,7000,64,32758,32734,32780,4
55,10,0,0,9,650,41,41,7200,64,32758,32742,32778,3
55,10,0,0,9,650,41,41,7400,64,32757,32736,32778,4
55,10,0,0,9,650,41,41,7600,64,32756,32737,32774,3
55,10,0,0,9,650,41,41,7800,64,32759,32746,32779,8
55,10,0,0,9,650,41,41,8000,64,32756,32710,32786,2
55,10,0,0,9,650,41,41,8200,64,32757,32739,32780,3
55,10,0,0,9,650,41,41,8400,64,32757,32734,32776,1
55,10,0,0,9,650,41,41,8600,64,32759,32742,32785,5
55,10,0,0,9,650,41,41,8800,64,32758,32740,32786,1
55,10,0,0,9,650,41,41,9000,64,32755,32626,32778,1
55,10,0,0,9,650,41,41,9200,64,32757,32732,32776,1
55,10,0,0,9,650,41,41,9400,64,32758,32740,32780,2
55,10,0,0,9,650,41,41,9600,64,32757,32734,32779,0
55,10,0,0,9,650,41,41,9800,64,32756,32711,32778,-2
55,10,0,0,9,650,41,41,10000,64,32756,32732,32780,-1
55,10,0,0,9,650,41,41,10200,64,32757,32742,32776,0
55,10,0,0,9,650,41,41,10400,64,32756,32739,32776,0
55,10,0,0,9,650,41,41,10600,64,32759,32742,32777,2
55,10,0,0,9,650,41,41,10800,64,32757,32734,32780,-2
55,10,0,0,9,650,41,41,11000,64,32756,32741,32777,-1
55,10,0,0,9,650,41,41,11200,64,32758,32744,32773,1
55,10,0,0,9,650,41,41,11400,64,32757,32740,32775,0
55,10,0,0,9,650,41,41,11600,64,32757,32744,32773,-1
55,10,0,0,9,650,41,41,11800,64,32756,32744,32778,-2
55,10,0,0,9,650,41,41,12000,64,32758,32733,32776,0
55,10,0,0,9,650,41,41,12200,64,32756,32724,32781,-4
55,10,0,0,9,650,41,41,12400,64,32758,32734,32777,-1
55,10,0,0,9,650,41,41,12600,64,32756,32727,32776,-4
55,10,0,0,9,650,41,41,12800,64,32757,32736,32776,-1
56,10,0,0,10,150,42,42,0,64,0,0,5,0
56,10,0,0,10,150,42,42,200,64,0,0,7,0
56,10,0,0,10,150,42,42,400,64,0,0,8,0
56,10,0,0,10,150,42,42,600,64,0,0,8,0
56,10,0,0,10,150,42,42,800,64,0,0,4,0
56,10,0,0,10,150,42,42,1000,64,0,0,4,0
56,10,0,0,10,150,42,42,1200,64,0,0,9,0
56,10,0,0,10,150,42,42,1400,64,0,0,4,0
56,10,0,0,10,150,42,42,1600,64,0,0,9,0
56,10,0,0,10,150,42,42,1800,64,0,0,4,0
56,10,0,0,10,150,42,42,2000,64,0,0,8,0
56,10,0,0,10,150,42,42,2200,64,0,0,4,0
56,10,0,0,10,150,42,42,2400,64,0,0,9,0
56,10,0,0,10,150,42,42,2600,64,0,0,8,0
56,10,0,0,10,150,42,42,2800,64,0,0,4,0
56,10,0,0,10,150,42,42,3000,64,0,0,8,0
56,10,0,0,10,150,42,42,3200,64,0,0,4,-1
56,10,0,0,10,150,42,42,3400,64,0,0,3,0
56,10,0,0,10,150,42,42,3600,64,0,0,8,0
56,10,0,0,10,150,42,42,3800,64,0,0,9,0
56,10,0,0,10,150,42,42,4000,64,0,0,8,0
56,10,0,0,10,150,42,42,4200,64,0,0,4,0
56,10,0,0,10,150,42,42,4400,64,0,0,5,0
56,10,0,0,10,150,42,42,4600,64,0,0,8,0
56,10,0,0,10,150,42,42,4800,64,0,0,8,0
56,10,0,0,10,150,42,42,5000,64,0,0,8,0
56,10,0,0,10,150,42,42,5200,64,0,0,6,0
56,10,0,0,10,150,42,42,5400,64,0,0,5,0
56,10,0,0,10,150,42,42,5600,64,0,0,9,0
56,10,0,0,10,150,42,42,5800,64,0,0,10,0
56,10,0,0,10,150,42,42,6000,64,0,0,5,0
56,10,0,0,10,150,42,42,6200,64,0,0,8,0
56,10,0,0,10,150,42,42,6400,64,0,0,7,0
56,10,0,0,10,150,42,42,6600,64,0,0,9,0
56,10,0,0,10,150,42,42,6800,64,0,0,8,0
56,10,0,0,10,150,42,42,7000,64,0,0,10,0
56,10,0,0,10,150,42,42,7200,64,0,0,6,0
56,10,0,0,10,150,42,42,7400,64,0,0,4,0
56,10,0,0,10,150,42,42,7600,64,0,0,6,0
56,10,0,0,10,150,42,42,7800,64,0,0,7,0
56,10,0,0,10,150,42,42,8000,64,0,0,10,0
56,10,0,0,10,150,42,42,8200,64,0,0,5,0
56,10,0,0,10,150,42,42,8400,64,0,0,16,-1
56,10,0,0,10,150,42,42,8600,64,0,0,8,0
56,10,0,0,10,150,42,42,8800,64,0,0,4,0
56,10,0,0,10,150,42,42,9000,64,0,0,4,0
56,10,0,0,10,150,42,42,9200,64,0,0,6,0
56,10,0,0,10,150,42,42,9400,64,1,0,45,1
56,10,0,0,10,150,42,42,9600,64,0,0,10,0
56,10,0,0,10,150,42,42,9800,64,0,0,10,0
56,10,0,0,10,150,42,42,10000,64,0,0,17,0
56,10,0,0,10,150,42,42,10200,64,0,0,8,0
56,10,0,0,10,150,42,42,10400,64,0,0,8,0
56,10,0,0,10,150,42,42,10600,64,0,0,8,0
56,10,0,0,10,150,42,42,10800,64,0,0,9,0
56,10,0,0,10,150,42,42,11000,64,0,0,4,0
56,10,0,0,10,150,42,42,11200,64,0,0,9,0
56,10,0,0,10,150,42,42,11400,64,0,0,6,0
56,10,0,0,10,150,42,42,11600,64,0,0,8,0
56,10,0,0,10,150,42,42,11800,64,0,0,12,0
56,10,0,0,10,150,42,42,12000,64,0,0,2,0
56,10,0,0,10,150,42,42,12200,64,0,0,9,0
56,10,0,0,10,150,42,42,12400,64,0,0,8,0
56,10,0,0,10,150,42,42,12600,64,0,0,8,0
56,10,0,0,10,150,42,42,12800,64,0,0,8,0
57,10,0,1,3,150,19,19,0,64,0,0,0,0
57,10,0,1,3,150,19,19,200,64,0,0,1,0
57,10,0,1,3,150,19,19,400,64,0,0,2,0
57,10,0,1,3,150,19,19,600,64,0,0,0,0
57,10,0,1,3,150,19,19,800,64,0,0,4,0
57,10,0,1,3,150,19,19,1000,64,0,0,1,0
57,10,0,1,3,150,19,19,1200,64,0,0,1,0
57,10,0,1,3,150,19,19,1400,64,0,0,0,0
57,10,0,1,3,150,19,19,1600,64,0,0,0,0
57,10,0,1,3,150,19,19,1800,64,0,0,0,0
57,10,0,1,3,150,19,19,2000,64,0,0,4,0
57,10,0,1,3,150,19,19,2200,64,0,0,0,0
57,10,0,1,3,150,19,19,2400,64,0,0,1,0
57,10,0,1,3,150,19,19,2600,64,0,0,1,0
57,10,0,1,3,150,19,19,2800,64,0,0,0,0
57,10,0,1,3,150,19,19,3000,64,0,0,0,0
57,10,0,1,3,150,19,19,3200,64,0,0,1,0
57,10,0,1,3,150,19,19,3400,64,0,0,2,0
57,10,0,1,3,150,19,19,3600,64,0,0,0,0
57,10,0,1,3,150,19,19,3800,64,0,0,1,0
57,10,0,1,3,150,19,19,4000,64,0,0,4,0
57,10,0,1,3,150,19,19,4200,64,0,0,0,0
57,10,0,1,3,150,19,19,4400,64,0,0,1,0
57,10,0,1,3,150,19,19,4600,64,0,0,1,0
57,10,0,1,3,150,19,19,4800,64,0,0,0,0
57,10,0,1,3,150,19,19,5000,64,0,0,3,0
57,10,0,1,3,150,19,19,5200,64,0,0,3,0
57,10,0,1,3,150,19,19,5400,64,0,0,1,0
57,10,0,1,3,150,19,19,5600,64,0,0,2,0
57,10,0,1,3,150,19,19,5800,64,0,0,0,0
57,10,0,1,3,150,19,19,6000,64,0,0,1,0
57,10,0,1,3,150,19,19,6200,64,0,0,2,0
57,10,0,1,3,150,19,19,6400,64,0,0,1,0
57,10,0,1,3,150,19,19,6600,64,0,0,0,0
57,10,0,1,3,150,19,19,6800,64,0,0,5,0
57,10,0,1,3,150,19,19,7000,64,0,0,1,0
57,10,0,1,3,150,19,19,7200,64,0,0,1,0
57,10,0,1,3,150,19,19,7400,64,0,0,1,0
57,10,0,1,3,150,19,19,7600,64,0,0,0,0
57,10,0,1,3,150,19,19,7800,64,0,0,1,0
57,10,0,1,3,150,19,19,8000,64,0,0,4,0
57,10,0,1,3,150,19,19,8200,64,0,0,5,0
57,10,0,1,3,150,19,19,8400,64,0,0,2,0
57,10,0,1,3,150,19,19,8600,64,0,0,0,0
57,10,0,1,3,150,19,19,8800,64,0,0,0,0
57,10,0,1,3,150,19,19,9000,64,0,0,0,0
57,10,0,1,3,150,19,19,9200,64,0,0,0,0
57,10,0,1,3,150,19,19,9400,64,0,0,0,0
57,10,0,1,3,150,19,19,9600,64,0,0,1,0
57,10,0,1,3,150,19,19,9800,64,0,0,0,0
57,10,0,1,3,150,19,19,10000,64,0,0,0,0
57,10,0,1,3,150,19,19,10200,64,0,0,2,0
57,10,0,1,3,150,19,19,10400,64,0,0,1,0
57,10,0,1,3,150,19,19,10600,64,0,0,0,0
57,10,0,1,3,150,19,19,10800,64,0,0,1,0
57,10,0,1,3,150,19,19,11000,64,0,0,1,0
57,10,0,1,3,150,19,19,11200,64,0,0,1,0
57,10,0,1,3,150,19,19,11400,64,0,0,0,0
57,10,0,1,3,150,19,19,11600,64,0,0,2,0
57,10,0,1,3,150,19,19,11800,64,0,0,0,0
57,10,0,1,3,150,19,19,12000,64,0,0,1,0
57,10,0,1,3,150,19,19,12200,64,0,0,0,0
57,10,0,1,3,150,19,19,12400,64,0,0,4,0
57,10,0,1,3,150,19,19,12600,64,0,0,0,0
57,10,0,1,3,150,19,19,12800,64,0,0,0,0
